method,look,horizon,n,balance
semicovariance,101,9,103,1.3824584724278737
semicovariance,102,9,103,1.3291508466931896
semicovariance,102,4,233,1.317749959847526
semicovariance,92,9,104,1.274545821450471
semicovariance,102,8,116,1.2643495676600316
semicovariance,98,6,155,1.2612158867743795
semicovariance,93,9,104,1.213618878692161
semicovariance,101,6,155,1.1886330038268973
semicovariance,100,9,103,1.1820611350689727
semicovariance,72,7,137,1.1809765782134805
semicovariance,98,7,133,1.1506301415940936
semicovariance,86,6,157,1.1315397099921616
semicovariance,91,7,134,1.1290082838281217
semicovariance,95,9,103,1.1173709494090664
semicovariance,102,7,132,1.1027693805366976
semicovariance,101,8,116,1.0848495322623473
semicovariance,92,6,156,1.0785667422681866
semicovariance,99,7,133,1.0576003319310494
semicovariance,87,8,117,1.0464962057623606
semicovariance,100,6,155,1.0397095529189022
semicovariance,87,6,157,1.0376793001065079
semicovariance,100,5,186,1.036891592648467
semicovariance,95,8,116,1.0326474723603762
semicovariance,100,8,116,1.0313755129685989
semicovariance,90,4,236,1.030280492872457
semicovariance,96,8,116,1.018656383125676
semicovariance,93,5,188,1.01806525794024
semicovariance,102,6,155,1.01015303671751
semicovariance,102,5,186,1.0086549420024706
semicovariance,99,6,155,1.0037801067193373
semicovariance,102,3,311,1.0034849766626464
semicovariance,91,9,104,0.9937018023845672
semicovariance,92,7,134,0.9890542316893862
semicovariance,100,7,133,0.9861910393110608
semicovariance,88,8,117,0.9852871754683808
semicovariance,93,6,156,0.9815064814903249
semicovariance,101,5,186,0.9815003333352696
semicovariance,94,9,103,0.9799760528942575
semicovariance,98,5,187,0.9731971661205588
semicovariance,101,7,132,0.9678093591117309
semicovariance,93,7,134,0.9652840281829405
semicovariance,81,6,158,0.9626503486823532
semicovariance,88,5,189,0.9609320738933311
semicovariance,98,4,234,0.958839997456195
semicovariance,94,8,117,0.9499641494138188
semicovariance,101,3,311,0.9492878969839891
semicovariance,93,8,117,0.9475118141723413
semicovariance,101,4,233,0.943921147587549
semicovariance,86,4,237,0.9404456962022332
semicovariance,97,6,155,0.9375482745204131
semicovariance,98,9,103,0.9326253153565274
semicovariance,98,3,312,0.9318170837873647
semicovariance,99,9,103,0.9297358926738007
semicovariance,96,9,103,0.923603285444468
semicovariance,97,9,103,0.9187423352523544
semicovariance,95,6,156,0.9180120922153371
semicovariance,94,7,133,0.9169782004385316
semicovariance,89,4,236,0.9162636358750796
semicovariance,86,7,135,0.9141207596538417
semicovariance,91,4,235,0.9103279906040508
semicovariance,99,5,186,0.9087519914896125
semicovariance,100,3,311,0.9069272540627991
semicovariance,89,5,188,0.9040758987412587
semicovariance,99,4,233,0.9037949350257505
semicovariance,86,3,316,0.9036858083477473
semicovariance,95,5,187,0.8953155889741098
semicovariance,94,5,187,0.8943549981901828
semicovariance,73,7,136,0.8933470489958475
semicovariance,80,6,158,0.8931108288332329
semicovariance,91,6,156,0.8919840215168474
semicovariance,94,4,235,0.8900262120731308
semicovariance,90,3,315,0.8855458737084454
semicovariance,98,8,116,0.885473944360526
semicovariance,89,8,117,0.8829081867690809
semicovariance,90,5,188,0.8778666464465782
semicovariance,71,7,137,0.8683330920128053
semicovariance,87,3,316,0.8675070533655385
semicovariance,99,8,116,0.8632943884335118
semicovariance,90,8,117,0.855218249545902
semicovariance,96,5,187,0.8521933006098094
semicovariance,90,9,104,0.8410882148300902
semicovariance,94,6,156,0.8389295730335362
semicovariance,86,9,104,0.8336642265408686
semicovariance,93,3,314,0.8336595363566834
semicovariance,86,8,118,0.824870194790212
semicovariance,90,7,134,0.8195008414682999
semicovariance,87,4,236,0.8189339120081411
semicovariance,91,8,117,0.8178432449842421
semicovariance,95,7,133,0.8163703940841651
semicovariance,99,3,312,0.8160924172636013
semicovariance,85,8,118,0.814905203538989
semicovariance,92,5,188,0.8141582592243468
semicovariance,95,4,234,0.8118020525052119
semicovariance,83,5,190,0.8099112806183001
semicovariance,89,6,157,0.8077664339127902
semicovariance,97,8,116,0.8048666930016617
semicovariance,87,7,134,0.8044678899290993
semicovariance,86,5,189,0.8006655368226887
ledoit_wolf_constant_correlation,99,7,133,0.7937525500834605
semicovariance,91,5,188,0.791855935223932
semicovariance,75,9,106,0.7916536491373299
semicovariance,97,3,312,0.7913066410051373
semicovariance,93,4,235,0.7907094710204974
semicovariance,97,4,234,0.790474176383927
semicovariance,85,7,135,0.790175440940657
semicovariance,84,3,317,0.7898286835200237
semicovariance,81,5,190,0.7839414379041103
semicovariance,84,5,189,0.7831909430596389
semicovariance,88,7,134,0.7750859171072996
semicovariance,89,7,134,0.7714374602157912
semicovariance,96,3,313,0.7711956683616945
semicovariance,72,3,321,0.7702521186540638
semicovariance,80,7,135,0.770119811098279
semicovariance,80,5,190,0.7697118158794045
semicovariance,92,3,314,0.7689285334689743
ledoit_wolf_constant_correlation,102,5,186,0.7676850746898398
semicovariance,74,9,106,0.7657186051589997
semicovariance,92,8,117,0.7641505635467882
semicovariance,96,7,133,0.7625645036139972
semicovariance,84,7,135,0.762369673999465
semicovariance,87,5,189,0.7616634768121273
semicovariance,89,3,315,0.7599739141890158
semicovariance,83,9,105,0.7565496122969935
semicovariance,85,4,237,0.7555942755046283
semicovariance,95,3,313,0.7540799352329005
ledoit_wolf_constant_correlation,98,6,155,0.7531257130076381
semicovariance,100,4,233,0.7529398202473188
semicovariance,75,6,159,0.7524485454486594
semicovariance,79,5,190,0.7513423300134823
semicovariance,97,5,187,0.7483871565126429
semicovariance,97,7,133,0.7472656724426507
semicovariance,94,3,313,0.7453662919844601
ledoit_wolf_constant_correlation,86,6,157,0.7422094762870011
semicovariance,82,6,158,0.7400299504510954
ledoit_wolf_constant_correlation,92,7,134,0.7377935565084085
semicovariance,79,7,136,0.7373327383194007
ledoit_wolf_constant_correlation,101,9,103,0.7366432199583266
semicovariance,74,6,159,0.7342050482450428
ledoit_wolf_constant_correlation,100,7,133,0.7297666059069547
semicovariance,72,6,160,0.7288139878542722
semicovariance,73,6,159,0.7286403920985886
semicovariance,78,5,191,0.7275406148693812
ledoit_wolf_constant_correlation,98,7,133,0.7262831087713688
semicovariance,71,5,192,0.7239932726650915
semicovariance,85,6,157,0.7232920109618192
semicovariance,79,8,118,0.7229720852427908
semicovariance,81,3,318,0.7221000793742054
ledoit_wolf_constant_correlation,93,7,134,0.7215146546097663
ledoit_wolf_constant_correlation,102,4,233,0.7210616081393213
semicovariance,82,5,190,0.7192206333736519
semicovariance,84,8,118,0.7169626967890839
ledoit_wolf_constant_correlation,72,7,137,0.7134310781000475
ledoit_wolf_constant_correlation,92,9,104,0.7124703581282118
semicovariance,90,6,157,0.7108810246565501
semicovariance,76,5,191,0.71058194069518
semicovariance,96,6,156,0.7100881184920951
semicovariance,91,3,314,0.705093652279114
ledoit_wolf_constant_correlation,92,6,156,0.7039762215114784
semicovariance,96,4,234,0.7037568465192803
semicovariance,75,3,320,0.7008870129013901
semicovariance,77,7,136,0.6996450884790468
semicovariance,88,6,157,0.698459750001529
ledoit_wolf_constant_correlation,96,8,116,0.6977236542339835
semicovariance,87,9,104,0.6959055601780165
ledoit_wolf_constant_correlation,97,6,155,0.694332382628862
semicovariance,84,9,105,0.6932714158510004
ledoit_wolf_constant_correlation,86,7,135,0.6930400135942619
semicovariance,82,9,105,0.6929196254645236
semicovariance,79,6,158,0.6927757590529683
ledoit_wolf_constant_correlation,101,6,155,0.6910901268125738
semicovariance,74,4,240,0.6905265179975967
semicovariance,85,3,316,0.6903109579423725
semicovariance,82,4,238,0.6901647205279474
ledoit_wolf_constant_correlation,100,9,103,0.6892100617529211
ledoit_wolf_constant_correlation,95,6,156,0.6876456205631133
ledoit_wolf_constant_correlation,85,7,135,0.6873674178939693
semicovariance,89,9,104,0.6873211991883752
ledoit_wolf_constant_correlation,101,5,186,0.687276375047037
semicovariance,71,4,240,0.6867397764043024
semicovariance,85,5,189,0.6853934132348724
semicovariance,92,4,235,0.6847551424204465
ledoit_wolf_constant_correlation,101,8,116,0.6817289146595253
ledoit_wolf_single_factor,99,7,133,0.6814620939920014
ledoit_wolf_constant_correlation,100,8,116,0.6810498101697058
semicovariance,80,8,118,0.6809447953253126
semicovariance,78,3,319,0.6797734226039887
ledoit_wolf_constant_correlation,102,8,116,0.6797015928289859
semicovariance,78,4,239,0.6777260439398427
semicovariance,81,9,105,0.6777247520421945
semicovariance,88,4,236,0.6758791455430448
semicovariance,83,4,237,0.6751736804860986
semicovariance,88,3,315,0.6747836555942857
ledoit_wolf_constant_correlation,102,9,103,0.6740346403962137
ledoit_wolf_constant_correlation,100,6,155,0.6712844791828381
semicovariance,83,6,158,0.6709849616677158
semicovariance,88,9,104,0.6698927261645038
ledoit_wolf_constant_correlation,86,3,316,0.6688799699598933
semicovariance,84,4,237,0.6663633086959819
ledoit_wolf_constant_correlation,91,7,134,0.6649043990371111
semicovariance,83,8,118,0.6619892859424098
semicovariance,75,5,191,0.6616027525063084
ledoit_wolf_constant_correlation,101,3,311,0.6615547843866015
semicovariance,85,9,104,0.660823075649399
ledoit_wolf_constant_correlation,100,5,186,0.6607238422702053
semicovariance,71,8,119,0.6600784985314797
ledoit_wolf_single_factor,92,9,104,0.6596947640536606
ledoit_wolf_single_factor,100,7,133,0.6587602952484976
ledoit_wolf_constant_correlation,98,3,312,0.6582537850195802
ledoit_wolf_single_factor,98,6,155,0.6577147358217891
ledoit_wolf_constant_correlation,95,5,187,0.6558623291816218
ledoit_wolf_constant_correlation,80,6,158,0.6549461914120703
ledoit_wolf_constant_correlation,90,4,236,0.6547164216425767
ledoit_wolf_constant_correlation,100,3,311,0.6531933950943352
ledoit_wolf_single_factor,101,9,103,0.6526986497320071
ledoit_wolf_single_factor,86,6,157,0.6517709243382257
semicovariance,71,6,160,0.6515279765713172
ledoit_wolf_constant_correlation,71,7,137,0.6502344930356089
ledoit_wolf_constant_correlation,75,9,106,0.6499707148505753
ledoit_wolf_constant_correlation,101,7,132,0.6496451971906605
ledoit_wolf_single_factor,102,5,186,0.6489360466551495
semicovariance,72,8,119,0.6479533236326278
ledoit_wolf_constant_correlation,91,6,156,0.646990069640201
ledoit_wolf_constant_correlation,93,5,188,0.6466767275083894
ledoit_wolf_constant_correlation,98,5,187,0.6463979363028927
ledoit_wolf_constant_correlation,85,6,157,0.6449828587021078
semicovariance,76,9,105,0.644009882032584
semicovariance,73,5,192,0.6413640284603263
ledoit_wolf_constant_correlation,73,7,136,0.6412570930810015
ledoit_wolf_constant_correlation,93,9,104,0.6404654248772568
semicovariance,71,3,321,0.640172151404462
ledoit_wolf_constant_correlation,84,7,135,0.6400793458126482
ledoit_wolf_constant_correlation,94,6,156,0.6391286150133932
ledoit_wolf_constant_correlation,94,7,133,0.6387545058736679
semicovariance,79,4,238,0.6386227969691447
ledoit_wolf_single_factor,93,7,134,0.6383209009449635
semicovariance,77,9,105,0.637867026298784
ledoit_wolf_constant_correlation,79,7,136,0.6370914460852523
semicovariance,82,8,118,0.6360029448355078
ledoit_wolf_constant_correlation,95,9,103,0.6358621724961245
ledoit_wolf_constant_correlation,102,6,155,0.6358222423491787
semicovariance,84,6,158,0.6348097002177622
ledoit_wolf_single_factor,98,7,133,0.6347298354063632
ledoit_wolf_constant_correlation,99,5,186,0.632341430741484
ledoit_wolf_constant_correlation,86,4,237,0.6322769162640409
ledoit_wolf_constant_correlation,99,8,116,0.6321218340994036
ledoit_wolf_constant_correlation,88,8,117,0.631831822047986
ledoit_wolf_single_factor,102,4,233,0.6314314067300294
ledoit_wolf_constant_correlation,74,9,106,0.6305812420784975
ledoit_wolf_constant_correlation,79,6,158,0.630478653581704
ledoit_wolf_single_factor,96,8,116,0.6299890592375308
semicovariance,78,9,105,0.6296054344359874
semicovariance,80,3,318,0.6291050313534394
ledoit_wolf_single_factor,92,7,134,0.6289456835524555
ledoit_wolf_constant_correlation,83,5,190,0.6283648228915142
ledoit_wolf_constant_correlation,83,9,105,0.6280831579707121
ledoit_wolf_single_factor,86,7,135,0.627297263777113
ledoit_wolf_constant_correlation,98,8,116,0.6269660654886855
ledoit_wolf_constant_correlation,102,3,311,0.6268441150229895
ledoit_wolf_constant_correlation,98,4,234,0.6266912911194188
ledoit_wolf_single_factor,93,5,188,0.6265888937589333
ledoit_wolf_single_factor,92,6,156,0.6261267809697866
ledoit_wolf_constant_correlation,88,5,189,0.6261100430927236
ledoit_wolf_constant_correlation,101,4,233,0.6257004551105838
ledoit_wolf_constant_correlation,90,8,117,0.6252752122489589
ledoit_wolf_constant_correlation,83,6,158,0.6246845966943253
ledoit_wolf_single_factor,102,9,103,0.6238575239755845
ledoit_wolf_constant_correlation,99,4,233,0.6235182154742731
ledoit_wolf_constant_correlation,94,5,187,0.6234836627034742
ledoit_wolf_constant_correlation,89,4,236,0.6232755197002515
ledoit_wolf_constant_correlation,78,5,191,0.6226742447560266
ledoit_wolf_constant_correlation,100,4,233,0.6220795401251632
ledoit_wolf_constant_correlation,76,5,191,0.6217535134203417
ledoit_wolf_single_factor,100,9,103,0.6211363923778018
semicovariance,78,6,159,0.6204068111991377
ledoit_wolf_constant_correlation,91,9,104,0.6194177546654084
semicovariance,73,4,240,0.6191911752206825
ledoit_wolf_constant_correlation,89,3,315,0.617712437498813
ledoit_wolf_constant_correlation,82,8,118,0.6159365698844906
ledoit_wolf_constant_correlation,85,8,118,0.6158638966578471
ledoit_wolf_single_factor,72,7,137,0.6150795743608943
ledoit_wolf_constant_correlation,94,9,103,0.6149736088833693
ledoit_wolf_single_factor,94,7,133,0.6149032897505117
ledoit_wolf_constant_correlation,78,7,136,0.613362652155394
ledoit_wolf_single_factor,101,6,155,0.6124241735157693
ledoit_wolf_constant_correlation,97,8,116,0.6120181433154482
semicovariance,74,5,191,0.6105433963540641
ledoit_wolf_constant_correlation,99,6,155,0.610527304458836
semicovariance,72,9,106,0.6103087917342294
ledoit_wolf_single_factor,98,5,187,0.6095357821826772
sample_cov,100,7,133,0.6093328720575842
ledoit_wolf_single_factor,97,6,155,0.6091709071564055
ledoit_wolf_constant_correlation,89,8,117,0.6089379159701315
ledoit_wolf_single_factor,101,8,116,0.6086430049938709
sample_cov,102,9,103,0.6085612024884636
ledoit_wolf_single_factor,102,8,116,0.6084879402072986
ledoit_wolf_single_factor,85,7,135,0.6083698789256433
semicovariance,81,4,238,0.6081944267818421
ledoit_wolf_constant_correlation,97,5,187,0.6081226598382875
ledoit_wolf_constant_variance,93,7,134,0.607642952731386
ledoit_wolf,93,7,134,0.607642952731386
ledoit_wolf_constant_correlation,95,8,116,0.6076009475423776
oracle_approximating,100,7,133,0.6072750425383064
ledoit_wolf_constant_variance,100,7,133,0.6072139868110482
ledoit_wolf,100,7,133,0.6072139868110482
oracle_approximating,102,9,103,0.6069106581741343
ledoit_wolf_constant_correlation,77,7,136,0.6068574537205128
ledoit_wolf_constant_correlation,82,5,190,0.6066673415203796
ledoit_wolf_constant_correlation,97,3,312,0.6065944349541907
oracle_approximating,95,6,156,0.6063068038277069
ledoit_wolf_constant_correlation,94,4,235,0.6058479141942131
ledoit_wolf_single_factor,95,6,156,0.6057185244542904
ledoit_wolf,95,6,156,0.6046010600754755
ledoit_wolf_constant_variance,95,6,156,0.6046010600754755
ledoit_wolf_constant_correlation,89,5,188,0.604014575210931
sample_cov,95,6,156,0.6036431550220289
ledoit_wolf_single_factor,100,8,116,0.6036091557362594
ledoit_wolf_constant_correlation,84,5,189,0.6033056115974555
ledoit_wolf_constant_variance,102,9,103,0.6026052802067561
ledoit_wolf,102,9,103,0.6026052802067561
ledoit_wolf_constant_correlation,73,6,159,0.6026019681193302
semicovariance,81,8,118,0.6024639465951338
ledoit_wolf_constant_correlation,76,9,105,0.6022494782067569
ledoit_wolf_constant_variance,98,7,133,0.6019795208834006
ledoit_wolf,98,7,133,0.6019795208834006
oracle_approximating,98,7,133,0.6011958653728765
semicovariance,81,7,135,0.6006274197347143
oracle_approximating,93,7,134,0.6005641606707729
ledoit_wolf_constant_correlation,96,5,187,0.60038642029132
semicovariance,78,7,136,0.600301713740993
sample_cov,98,7,133,0.6000414727359327
ledoit_wolf_single_factor,101,5,186,0.5989669801416985
sample_cov,99,7,133,0.5988341715049037
semicovariance,77,5,191,0.5988165750131689
ledoit_wolf_constant_correlation,95,3,313,0.5983058387121531
ledoit_wolf_single_factor,89,4,236,0.5980432894302553
ledoit_wolf_constant_correlation,93,8,117,0.5980040019286443
ledoit_wolf,91,7,134,0.5977462303707558
ledoit_wolf_constant_variance,91,7,134,0.5977462303707558
exp_cov,100,7,133,0.5973604110075539
ledoit_wolf_constant_correlation,87,5,189,0.5972198754751069
ledoit_wolf,96,8,116,0.597060591272253
ledoit_wolf_constant_variance,96,8,116,0.597060591272253
ledoit_wolf_constant_correlation,92,5,188,0.5969470059043102
ledoit_wolf_single_factor,100,6,155,0.596501157210232
semicovariance,76,6,159,0.5960186263193277
sample_cov,101,6,155,0.595711358435175
ledoit_wolf_constant_correlation,98,9,103,0.5953705348997453
ledoit_wolf_single_factor,91,7,134,0.595326219810009
ledoit_wolf_single_factor,75,9,106,0.594631082126415
ledoit_wolf_single_factor,88,5,189,0.5942258613027899
semicovariance,73,9,106,0.5941790159886391
ledoit_wolf_constant_correlation,84,9,105,0.5941065797082469
ledoit_wolf_single_factor,83,5,190,0.593713609787264
ledoit_wolf_constant_correlation,99,9,103,0.5935460810838598
oracle_approximating,91,7,134,0.5932629475137944
ledoit_wolf_constant_correlation,97,4,234,0.5932495870358957
ledoit_wolf,101,6,155,0.5932273949596005
ledoit_wolf_constant_variance,101,6,155,0.5932273949596005
ledoit_wolf_constant_correlation,75,5,191,0.5925929199182658
ledoit_wolf_single_factor,95,5,187,0.5924249366579027
sample_cov,93,7,134,0.5923439453739842
oracle_approximating,96,8,116,0.592331810971407
semicovariance,82,3,317,0.5921429058001102
ledoit_wolf_single_factor,93,9,104,0.5921406042986925
ledoit_wolf_constant_correlation,96,4,234,0.5920845972501207
ledoit_wolf_constant_correlation,80,5,190,0.5915804918174707
ledoit_wolf_constant_variance,99,7,133,0.5913094762393218
ledoit_wolf,99,7,133,0.5913094762393218
ledoit_wolf_single_factor,74,9,106,0.5912791299532226
oracle_approximating,99,7,133,0.5910705678226226
sample_cov,101,9,103,0.5910326755342743
sample_cov,93,5,188,0.5907488589063312
exp_cov,95,6,156,0.5899139921591786
oracle_approximating,101,6,155,0.5899076838613875
ledoit_wolf_single_factor,78,5,191,0.5895233753734496
ledoit_wolf_single_factor,89,8,117,0.5890460383031065
ledoit_wolf_constant_correlation,90,5,188,0.5889685397794753
exp_cov,93,7,134,0.5885127174638418
ledoit_wolf_constant_correlation,91,8,117,0.5884627866388185
ledoit_wolf_constant_correlation,96,9,103,0.5882859800167436
ledoit_wolf_single_factor,90,4,236,0.5878442944891982
sample_cov,92,9,104,0.587753101436576
ledoit_wolf_single_factor,88,8,117,0.5875993200892101
ledoit_wolf_constant_variance,98,6,155,0.5875918153924964
ledoit_wolf,98,6,155,0.5875918153924964
exp_cov,93,5,188,0.5874310107232775
oracle_approximating,93,5,188,0.5872990313458095
ledoit_wolf_single_factor,94,6,156,0.5872282805493512
ledoit_wolf_single_factor,100,5,186,0.5866259001729655
exp_cov,91,7,134,0.5863129906393302
sample_cov,96,8,116,0.5857322038594045
exp_cov,98,7,133,0.5856175819643868
ledoit_wolf_constant_correlation,87,6,157,0.5855167739141431
ledoit_wolf_single_factor,91,6,156,0.5854011439594078
semicovariance,73,8,119,0.5849227383040374
ledoit_wolf_single_factor,80,6,158,0.5847780441033762
ledoit_wolf,101,9,103,0.584686624407535
ledoit_wolf_constant_variance,101,9,103,0.584686624407535
ledoit_wolf_single_factor,101,7,132,0.5846585581440871
ledoit_wolf_constant_correlation,97,9,103,0.5842972715280949
ledoit_wolf_constant_variance,93,5,188,0.5839922225367813
ledoit_wolf,93,5,188,0.5839922225367813
sample_cov,95,9,103,0.583844886650044
oracle_approximating,101,9,103,0.5837861839420261
ledoit_wolf_constant_correlation,85,5,189,0.5831445672021373
ledoit_wolf_single_factor,91,9,104,0.5831240598992201
sample_cov,91,7,134,0.5830098485993239
ledoit_wolf_single_factor,84,7,135,0.5828111515090679
oracle_approximating,98,6,155,0.5826936519364353
ledoit_wolf_constant_correlation,77,5,191,0.5825781167902702
ledoit_wolf_single_factor,95,9,103,0.5822221602599915
ledoit_wolf_single_factor,100,3,311,0.5820895526849749
oracle_approximating,92,9,104,0.5819663659506797
ledoit_wolf_constant_correlation,84,8,118,0.5815387321562255
sample_cov,100,8,116,0.58118635707633
ledoit_wolf_single_factor,86,3,316,0.5811157049218677
ledoit_wolf,92,9,104,0.5807402741112053
ledoit_wolf_constant_variance,92,9,104,0.5807402741112053
ledoit_wolf_constant_correlation,87,3,316,0.5805417866533717
ledoit_wolf_constant_correlation,87,4,236,0.5802530529272343
oracle_approximating,100,8,116,0.5801523903148373
ledoit_wolf_constant_correlation,77,6,159,0.5798870483927955
ledoit_wolf_constant_correlation,81,5,190,0.579755724946909
sample_cov,102,4,233,0.5796462858540274
ledoit_wolf,100,8,116,0.5796459501248227
ledoit_wolf_constant_variance,100,8,116,0.5796459501248227
ledoit_wolf_constant_correlation,93,6,156,0.5794993120094397
ledoit_wolf_constant_correlation,79,5,190,0.5789116271824494
ledoit_wolf_constant_correlation,92,8,117,0.5788426596252518
sample_cov,98,6,155,0.5788411016334409
sample_cov,98,5,187,0.5786256227990052
ledoit_wolf_constant_variance,102,4,233,0.578497749178198
ledoit_wolf,102,4,233,0.578497749178198
ledoit_wolf_single_factor,85,8,118,0.5781170243243804
oracle_approximating,102,8,116,0.577664724697036
ledoit_wolf_constant_variance,86,7,135,0.5774770130056729
ledoit_wolf,86,7,135,0.5774770130056729
exp_cov,95,9,103,0.5769498367095122
ledoit_wolf_constant_correlation,86,9,104,0.5767667303504285
ledoit_wolf_single_factor,85,6,157,0.5766705270385484
ledoit_wolf_single_factor,98,8,116,0.5765157628049634
ledoit_wolf_constant_correlation,89,6,157,0.5763967869077897
ledoit_wolf_constant_correlation,102,7,132,0.5763761534788344
ledoit_wolf_constant_correlation,87,7,134,0.5761765477761313
oracle_approximating,102,4,233,0.5757668119271662
ledoit_wolf_single_factor,94,9,103,0.57576182714465
ledoit_wolf_constant_variance,102,5,186,0.5757164517005329
ledoit_wolf,102,5,186,0.5757164517005329
ledoit_wolf,102,8,116,0.5755652940611626
ledoit_wolf_constant_variance,102,8,116,0.5755652940611626
ledoit_wolf_single_factor,98,3,312,0.5750411649174256
sample_cov,102,8,116,0.5747718848236512
ledoit_wolf_constant_correlation,93,4,235,0.5746201136606542
ledoit_wolf_constant_variance,95,5,187,0.5744546581142418
ledoit_wolf,95,5,187,0.5744546581142418
ledoit_wolf_single_factor,90,8,117,0.574171676306717
semicovariance,77,8,119,0.5735658091447837
sample_cov,102,5,186,0.5734316329481026
exp_cov,96,8,116,0.5733557296905044
ledoit_wolf_constant_correlation,73,5,192,0.5732241856421401
oracle_approximating,102,5,186,0.5732015122068947
ledoit_wolf_single_factor,101,3,311,0.5731689982792485
ledoit_wolf_single_factor,94,5,187,0.5729306130503009
exp_cov,102,9,103,0.5725035111669197
ledoit_wolf_constant_correlation,82,4,238,0.5723833305265701
oracle_approximating,86,7,135,0.5716603033813484
ledoit_wolf_constant_correlation,94,3,313,0.5716003150928293
oracle_approximating,95,5,187,0.5715345257639997
oracle_approximating,98,5,187,0.5715221693082808
ledoit_wolf,98,5,187,0.5713975087465075
ledoit_wolf_constant_variance,98,5,187,0.5713975087465075
ledoit_wolf_constant_correlation,74,8,119,0.5712164679277023
semicovariance,74,8,119,0.5709952631357058
semicovariance,77,3,319,0.5705519223182626
semicovariance,77,6,159,0.570533111723783
semicovariance,75,8,119,0.5703746326396688
exp_cov,95,5,187,0.5703395789958893
ledoit_wolf_single_factor,98,4,234,0.5697237452775328
ledoit_wolf_constant_correlation,95,4,234,0.569583570847001
ledoit_wolf_single_factor,102,6,155,0.569212721564678
ledoit_wolf_constant_correlation,80,7,135,0.5690191467486347
oracle_approximating,95,9,103,0.5678199156824564
semicovariance,74,3,320,0.5675665443272918
ledoit_wolf_constant_correlation,84,6,158,0.5668812289169057
ledoit_wolf_single_factor,99,8,116,0.5668573827711542
ledoit_wolf_constant_correlation,85,4,237,0.5667389283721012
ledoit_wolf_single_factor,99,5,186,0.5658403027428497
ledoit_wolf_constant_variance,92,6,156,0.5658086399597286
ledoit_wolf,92,6,156,0.5658086399597286
ledoit_wolf_single_factor,83,9,105,0.5656490740110294
exp_cov,92,9,104,0.5656466724544325
ledoit_wolf_constant_correlation,96,6,156,0.5654206394952347
ledoit_wolf,97,6,155,0.5653564033602676
ledoit_wolf_constant_variance,97,6,155,0.5653564033602676
ledoit_wolf,94,7,133,0.5653205648344299
ledoit_wolf_constant_variance,94,7,133,0.5653205648344299
ledoit_wolf_constant_correlation,75,8,119,0.5651970875578356
ledoit_wolf,95,9,103,0.5646583644889023
ledoit_wolf_constant_variance,95,9,103,0.5646583644889023
ledoit_wolf_constant_correlation,83,8,118,0.5644787191334713
semicovariance,83,7,135,0.564451975179576
ledoit_wolf_constant_variance,84,7,135,0.5642736981845644
ledoit_wolf,84,7,135,0.5642736981845644
exp_cov,101,6,155,0.5642524146451641
ledoit_wolf_single_factor,93,8,117,0.5641569146466755
sample_cov,102,6,155,0.5638313825228369
ledoit_wolf_constant_correlation,81,6,158,0.5637526865360338
ledoit_wolf_constant_variance,100,5,186,0.5632573537402985
ledoit_wolf,100,5,186,0.5632573537402985
ledoit_wolf_single_factor,82,8,118,0.5630365847477941
sample_cov,100,5,186,0.5629413559878635
exp_cov,99,7,133,0.5626539542965608
ledoit_wolf_constant_correlation,99,3,312,0.5622954044413807
ledoit_wolf_single_factor,95,8,116,0.5622558043073159
oracle_approximating,102,6,155,0.5621999483360142
ledoit_wolf,93,9,104,0.5619710759386609
ledoit_wolf_constant_variance,93,9,104,0.5619710759386609
ledoit_wolf_constant_correlation,87,8,117,0.5615963406621318
ledoit_wolf,100,6,155,0.5615816752294615
ledoit_wolf_constant_variance,100,6,155,0.5615816752294615
ledoit_wolf_single_factor,97,8,116,0.5615331253826666
ledoit_wolf_constant_correlation,74,6,159,0.5613407216958242
ledoit_wolf,102,6,155,0.5613239635112462
ledoit_wolf_constant_variance,102,6,155,0.5613239635112462
sample_cov,95,5,187,0.5612730036697114
ledoit_wolf_constant_correlation,88,3,315,0.5611111091409708
oracle_approximating,100,5,186,0.5608588677081275
ledoit_wolf_constant_correlation,85,3,316,0.5608116262728904
exp_cov,94,6,156,0.5605316870617024
oracle_approximating,92,6,156,0.5602595104127208
oracle_approximating,93,9,104,0.5601944075653227
ledoit_wolf_single_factor,79,7,136,0.5601016456003131
oracle_approximating,84,7,135,0.5600962301063764
sample_cov,93,9,104,0.5599356279230607
ledoit_wolf_constant_correlation,94,8,117,0.5598719506268115
sample_cov,86,7,135,0.5596185465176957
ledoit_wolf_single_factor,92,8,117,0.5585844505358883
exp_cov,101,9,103,0.5584937341216908
oracle_approximating,97,6,155,0.5583216238125965
ledoit_wolf_constant_variance,92,7,134,0.5582664552114024
ledoit_wolf,92,7,134,0.5582664552114024
ledoit_wolf_constant_correlation,83,3,317,0.5582593886467124
ledoit_wolf_single_factor,97,5,187,0.5582097300214791
ledoit_wolf_constant_correlation,77,8,119,0.5576949290821862
ledoit_wolf,101,5,186,0.5573999356756563
ledoit_wolf_constant_variance,101,5,186,0.5573999356756563
ledoit_wolf_constant_correlation,86,5,189,0.5570717670090273
ledoit_wolf,101,7,132,0.5568470260344718
ledoit_wolf_constant_variance,101,7,132,0.5568470260344718
ledoit_wolf_single_factor,101,4,233,0.556572838408583
exp_cov,86,7,135,0.555422195601337
oracle_approximating,100,6,155,0.5553975127694378
sample_cov,100,9,103,0.5550552341969607
oracle_approximating,94,7,133,0.5550102644195021
oracle_approximating,92,7,134,0.5549209465137006
sample_cov,100,6,155,0.5548939179755882
ledoit_wolf_constant_correlation,84,3,317,0.5544498694599249
ledoit_wolf,94,6,156,0.554167740537713
ledoit_wolf_constant_variance,94,6,156,0.554167740537713
ledoit_wolf_single_factor,102,3,311,0.5540052681821475
semicovariance,72,4,240,0.553969277730386
oracle_approximating,101,7,132,0.5538076423127155
ledoit_wolf_constant_correlation,82,6,158,0.5537877797877675
oracle_approximating,94,6,156,0.5537426856710193
ledoit_wolf_single_factor,84,8,118,0.5536752671971066
exp_cov,93,9,104,0.5535710942106294
ledoit_wolf_single_factor,84,5,189,0.5534961497971209
ledoit_wolf_constant_correlation,91,4,235,0.5533497501682617
ledoit_wolf_single_factor,99,4,233,0.5527872902253265
ledoit_wolf_single_factor,86,4,237,0.5523289544108749
ledoit_wolf_constant_correlation,80,3,318,0.552055019813671
sample_cov,92,6,156,0.5518360036795209
ledoit_wolf_single_factor,87,7,134,0.5517344120993508
ledoit_wolf_constant_variance,86,6,157,0.5516665536607261
ledoit_wolf,86,6,157,0.5516665536607261
sample_cov,91,9,104,0.551573039698343
ledoit_wolf_constant_correlation,92,3,314,0.551508442153161
semicovariance,82,7,135,0.5513482535702694
sample_cov,92,7,134,0.5512292133240874
ledoit_wolf_constant_correlation,88,4,236,0.5511752308700437
semicovariance,77,4,239,0.5511577112438706
ledoit_wolf_constant_variance,95,8,116,0.5508104928808403
ledoit_wolf,95,8,116,0.5508104928808403
sample_cov,97,6,155,0.5507677679815843
sample_cov,101,7,132,0.5506342181619767
ledoit_wolf_single_factor,99,6,155,0.5505919916259014
ledoit_wolf_single_factor,82,5,190,0.550316444433777
oracle_approximating,100,9,103,0.5501959970217087
oracle_approximating,89,8,117,0.5501216784422507
oracle_approximating,95,8,116,0.5500356674032869
oracle_approximating,101,5,186,0.5500200650268297
ledoit_wolf_single_factor,89,3,315,0.5498669459955965
semicovariance,74,7,136,0.5495045535979772
ledoit_wolf_constant_correlation,86,8,118,0.5494901692091233
exp_cov,100,9,103,0.5493498597701123
ledoit_wolf_constant_correlation,96,7,133,0.5493449040285839
ledoit_wolf_single_factor,100,4,233,0.5492304694648636
ledoit_wolf,89,8,117,0.5490349492907884
ledoit_wolf_constant_variance,89,8,117,0.5490349492907884
ledoit_wolf_single_factor,93,4,235,0.5490280015723488
ledoit_wolf_constant_correlation,96,3,313,0.5490194275179009
ledoit_wolf_constant_correlation,78,4,239,0.5487509985165405
ledoit_wolf,100,9,103,0.5485342140718262
ledoit_wolf_constant_variance,100,9,103,0.5485342140718262
ledoit_wolf_constant_correlation,76,6,159,0.5484397430043493
ledoit_wolf_constant_variance,72,7,137,0.5482160985743294
ledoit_wolf,72,7,137,0.5482160985743294
exp_cov,100,6,155,0.5481568297209772
semicovariance,80,9,105,0.5479511241087869
oracle_approximating,86,6,157,0.5479505022903398
sample_cov,94,6,156,0.547895051415763
ledoit_wolf,101,8,116,0.5478824200664089
ledoit_wolf_constant_variance,101,8,116,0.5478824200664089
ledoit_wolf_single_factor,83,6,158,0.5477404296112924
sample_cov,86,6,157,0.5474510528888747
oracle_approximating,94,5,187,0.5473721105771638
ledoit_wolf_single_factor,87,6,157,0.5473701761857696
ledoit_wolf,94,5,187,0.5472743999275896
ledoit_wolf_constant_variance,94,5,187,0.5472743999275896
exp_cov,100,8,116,0.5470119562408493
ledoit_wolf_single_factor,79,6,158,0.5468297116513507
ledoit_wolf_constant_correlation,97,7,133,0.5466515756062181
ledoit_wolf_constant_variance,97,8,116,0.5463617827968277
ledoit_wolf,97,8,116,0.5463617827968277
sample_cov,84,7,135,0.5462191032362272
exp_cov,98,5,187,0.5461089460250205
exp_cov,91,9,104,0.5460220474058853
ledoit_wolf,99,8,116,0.5459180973909061
ledoit_wolf_constant_variance,99,8,116,0.5459180973909061
oracle_approximating,72,7,137,0.5455575262274849
sample_cov,101,5,186,0.5454117150251943
sample_cov,89,8,117,0.545205515997699
sample_cov,78,5,191,0.545030807537555
ledoit_wolf_single_factor,89,5,188,0.5446567386771097
ledoit_wolf_single_factor,97,3,312,0.5446485907424986
ledoit_wolf_single_factor,94,4,235,0.5445185746107917
ledoit_wolf_constant_correlation,95,7,133,0.5444254946104454
ledoit_wolf_single_factor,96,5,187,0.5443478971326052
ledoit_wolf_constant_correlation,88,6,157,0.5441182318327563
ledoit_wolf_single_factor,73,5,192,0.5438732937404439
ledoit_wolf_single_factor,87,5,189,0.5438313949252342
ledoit_wolf_constant_correlation,77,9,105,0.543556845096225
ledoit_wolf_single_factor,93,6,156,0.5433702669854887
oracle_approximating,91,9,104,0.543281886819763
ledoit_wolf_constant_variance,98,8,116,0.5429133725967327
ledoit_wolf,98,8,116,0.5429133725967327
sample_cov,95,8,116,0.5428480290073434
ledoit_wolf_constant_correlation,75,4,239,0.542707900973658
semicovariance,80,4,238,0.5426585321137875
ledoit_wolf_constant_correlation,91,3,314,0.5426560699518237
semicovariance,72,5,192,0.5425638248622893
exp_cov,101,7,132,0.5423644294435981
oracle_approximating,101,8,116,0.5421163604049211
oracle_approximating,97,8,116,0.5415126141436999
ledoit_wolf_constant_correlation,82,9,105,0.541476703945736
oracle_approximating,75,9,106,0.5413769021748613
ledoit_wolf_single_factor,73,6,159,0.5411743667685858
ledoit_wolf_single_factor,99,9,103,0.5410392596741652
semicovariance,75,4,239,0.5408386630114549
ledoit_wolf_constant_correlation,85,9,104,0.5405749505683578
ledoit_wolf_single_factor,87,8,117,0.5405593630107869
semicovariance,83,3,317,0.5405586396991382
oracle_approximating,99,8,116,0.5403919220321036
ledoit_wolf_single_factor,80,5,190,0.540059622087594
exp_cov,72,7,137,0.5400337475588991
exp_cov,102,5,186,0.5398914320289745
sample_cov,88,5,189,0.5398384970777326
ledoit_wolf,91,9,104,0.5397901254776988
ledoit_wolf_constant_variance,91,9,104,0.5397901254776988
ledoit_wolf_constant_correlation,81,4,238,0.5394761839456614
sample_cov,101,8,116,0.539446596314439
sample_cov,97,8,116,0.5394191867476794
exp_cov,98,6,155,0.5394138822523453
sample_cov,83,5,190,0.5391737179909959
semicovariance,78,8,119,0.5385688538280409
oracle_approximating,83,5,190,0.5384237120328912
ledoit_wolf_constant_correlation,74,4,240,0.5383765745788849
ledoit_wolf,75,9,106,0.5382628420664598
ledoit_wolf_constant_variance,75,9,106,0.5382628420664598
sample_cov,72,7,137,0.5379843767925763
sample_cov,94,7,133,0.5378623622491315
ledoit_wolf_single_factor,81,6,158,0.5375548976572287
ledoit_wolf_constant_correlation,88,9,104,0.5374982277251781
ledoit_wolf_constant_correlation,91,5,188,0.5370702306289424
ledoit_wolf_single_factor,91,8,117,0.5368812208265934
exp_cov,92,7,134,0.5368101067687825
ledoit_wolf_single_factor,92,5,188,0.536499880873088
oracle_approximating,78,5,191,0.536471445016995
exp_cov,84,7,135,0.5363716085709679
ledoit_wolf_single_factor,98,9,103,0.5362602922538292
ledoit_wolf,83,5,190,0.5362090568941901
ledoit_wolf_constant_variance,83,5,190,0.5362090568941901
sample_cov,75,9,106,0.5358591326783132
exp_cov,95,8,116,0.5358383929817282
ledoit_wolf,90,8,117,0.5350561259712442
ledoit_wolf_constant_variance,90,8,117,0.5350561259712442
ledoit_wolf_single_factor,96,4,234,0.535011938561446
ledoit_wolf_constant_correlation,75,6,159,0.5349176653307258
ledoit_wolf_single_factor,95,3,313,0.5348685130365456
ledoit_wolf_single_factor,84,9,105,0.5347275475566243
ledoit_wolf_single_factor,73,7,136,0.534400642369321
oracle_approximating,94,8,117,0.5343662262990351
exp_cov,102,4,233,0.5343093139120622
ledoit_wolf_single_factor,87,3,316,0.534255811745565
ledoit_wolf,88,8,117,0.5340656652508935
ledoit_wolf_constant_variance,88,8,117,0.5340656652508935
ledoit_wolf_single_factor,77,6,159,0.5340401455360201
semicovariance,76,8,119,0.534032326288045
ledoit_wolf_single_factor,85,4,237,0.5337250071332742
sample_cov,86,9,104,0.5335000214843
ledoit_wolf_single_factor,102,7,132,0.5334312905744735
exp_cov,92,6,156,0.5334282279062712
sample_cov,101,3,311,0.533410139002884
ledoit_wolf_single_factor,78,7,136,0.5333652601048802
sample_cov,99,8,116,0.5333317839095786
ledoit_wolf_constant_correlation,82,3,317,0.5333264846126651
exp_cov,94,7,133,0.5327610453548974
ledoit_wolf_constant_correlation,79,3,318,0.5326416916145996
exp_cov,97,8,116,0.5326297861931264
exp_cov,102,8,116,0.5323626997556473
oracle_approximating,88,8,117,0.5322472947685593
ledoit_wolf,91,6,156,0.5322127724055679
ledoit_wolf_constant_variance,91,6,156,0.5322127724055679
ledoit_wolf_single_factor,90,5,188,0.5318453209139536
oracle_approximating,98,8,116,0.5318097973915917
ledoit_wolf_constant_correlation,73,4,240,0.5317627008845547
ledoit_wolf_constant_variance,94,8,117,0.5316599923308669
ledoit_wolf,94,8,117,0.5316599923308669
ledoit_wolf_constant_correlation,89,7,134,0.5314801413000906
ledoit_wolf,78,5,191,0.5310262164823627
ledoit_wolf_constant_variance,78,5,191,0.5310262164823627
ledoit_wolf,85,6,157,0.5309899031316252
ledoit_wolf_constant_variance,85,6,157,0.5309899031316252
exp_cov,89,8,117,0.5309230775737379
ledoit_wolf_single_factor,89,6,157,0.5308760472998364
ledoit_wolf_single_factor,96,9,103,0.53074511267081
sample_cov,100,4,233,0.5305509720808821
ledoit_wolf_single_factor,97,4,234,0.5304714776557793
ledoit_wolf,85,7,135,0.5304175968904371
ledoit_wolf_constant_variance,85,7,135,0.5304175968904371
ledoit_wolf,94,9,103,0.5302496435905999
ledoit_wolf_constant_variance,94,9,103,0.5302496435905999
exp_cov,100,5,186,0.5302456559817476
ledoit_wolf_constant_correlation,87,9,104,0.5301696795157246
sample_cov,94,5,187,0.5298676407333726
oracle_approximating,91,6,156,0.5296055939860971
ledoit_wolf_constant_correlation,84,4,237,0.5289478407465508
exp_cov,94,8,117,0.5289323717663974
ledoit_wolf_single_factor,94,8,117,0.5288556860098184
sample_cov,94,8,117,0.5280158218363501
ledoit_wolf_constant_correlation,77,3,319,0.5280036498579563
ledoit_wolf,99,5,186,0.5279241731650154
ledoit_wolf_constant_variance,99,5,186,0.5279241731650154
ledoit_wolf_constant_variance,101,3,311,0.5277034870734552
ledoit_wolf,101,3,311,0.5277034870734552
exp_cov,97,6,155,0.5276631923835158
oracle_approximating,94,9,103,0.5275340635481374
oracle_approximating,85,7,135,0.527505380742841
oracle_approximating,88,5,189,0.5274397096310826
oracle_approximating,101,3,311,0.5273404925752913
exp_cov,102,6,155,0.5272211372483999
ledoit_wolf_single_factor,79,5,190,0.5270957420544685
ledoit_wolf,83,6,158,0.5270371784568707
ledoit_wolf_constant_variance,83,6,158,0.5270371784568707
ledoit_wolf_single_factor,75,5,191,0.5269993999236733
ledoit_wolf,79,7,136,0.5269934820092566
ledoit_wolf_constant_variance,79,7,136,0.5269934820092566
ledoit_wolf_constant_correlation,71,4,240,0.5269554983289692
oracle_approximating,99,5,186,0.5269054782945279
ledoit_wolf_constant_correlation,90,3,315,0.5267478248043078
ledoit_wolf_single_factor,77,7,136,0.5267258110660564
oracle_approximating,90,8,117,0.5267077515951546
sample_cov,98,3,312,0.526498335815486
exp_cov,99,8,116,0.52641146332913
ledoit_wolf_single_factor,71,7,137,0.5262210262239991
ledoit_wolf_single_factor,83,8,118,0.5260013930418002
semicovariance,76,7,136,0.5258434260578494
ledoit_wolf_constant_variance,90,4,236,0.5257807392220758
ledoit_wolf,90,4,236,0.5257807392220758
ledoit_wolf_constant_correlation,81,3,318,0.5256588531608166
ledoit_wolf_single_factor,86,9,104,0.5254377192722584
oracle_approximating,83,6,158,0.525278985712424
ledoit_wolf_constant_variance,98,4,234,0.5249395679636699
ledoit_wolf,98,4,234,0.5249395679636699
oracle_approximating,98,3,312,0.524762481909363
sample_cov,88,8,117,0.5246602090329321
ledoit_wolf_single_factor,87,4,236,0.5243420341441802
exp_cov,86,9,104,0.5241807614558993
oracle_approximating,85,6,157,0.5241601388590413
sample_cov,102,3,311,0.5240178657506335
ledoit_wolf_constant_correlation,80,8,118,0.5233881484535237
ledoit_wolf,98,3,312,0.5233545210586249
ledoit_wolf_constant_variance,98,3,312,0.5233545210586249
ledoit_wolf_single_factor,77,5,191,0.5229583827847052
exp_cov,83,5,190,0.5228422881517732
oracle_approximating,98,4,234,0.5228100940742202
ledoit_wolf_constant_correlation,89,9,104,0.5227002120738928
ledoit_wolf_constant_correlation,79,4,238,0.5225424042411428
sample_cov,98,4,234,0.5225116396361785
oracle_approximating,79,7,136,0.5225011950904875
ledoit_wolf,99,4,233,0.5224783401197969
ledoit_wolf_constant_variance,99,4,233,0.5224783401197969
ledoit_wolf_constant_variance,88,5,189,0.5224681349181128
ledoit_wolf,88,5,189,0.5224681349181128
exp_cov,98,8,116,0.5222754951097772
oracle_approximating,99,4,233,0.5222529071257356
sample_cov,94,9,103,0.5218614154972608
oracle_approximating,90,4,236,0.5215566129112872
sample_cov,99,5,186,0.5214681442772329
ledoit_wolf_constant_correlation,90,9,104,0.5212644972532887
ledoit_wolf_single_factor,97,9,103,0.5211318094494156
ledoit_wolf,102,3,311,0.5210684854703427
ledoit_wolf_constant_variance,102,3,311,0.5210684854703427
ledoit_wolf_single_factor,76,5,191,0.5209717861367765
sample_cov,91,6,156,0.5209558296422843
sample_cov,99,4,233,0.5209004989935394
sample_cov,98,8,116,0.52082858147085
ledoit_wolf_single_factor,81,5,190,0.5206876266873574
exp_cov,94,9,103,0.5206586616742028
exp_cov,78,5,191,0.5206519430425641
oracle_approximating,100,4,233,0.5206080612488613
ledoit_wolf_constant_correlation,92,4,235,0.5205727700098005
ledoit_wolf_constant_correlation,74,5,191,0.5205678061163482
oracle_approximating,102,3,311,0.5205352946783517
ledoit_wolf_constant_variance,80,6,158,0.520449391450398
ledoit_wolf,80,6,158,0.520449391450398
exp_cov,94,5,187,0.5201031515947883
sample_cov,100,3,311,0.520089638523516
ledoit_wolf_single_factor,81,4,238,0.5200545327918861
sample_cov,94,4,235,0.5195833014197964
ledoit_wolf_single_factor,85,5,189,0.5194199892270469
ledoit_wolf_single_factor,91,4,235,0.5192718410614421
oracle_approximating,94,4,235,0.5192680603424562
ledoit_wolf_constant_correlation,81,8,118,0.5191919338408622
ledoit_wolf_constant_correlation,78,6,159,0.5188092450652143
sample_cov,83,6,158,0.5187847944833567
semicovariance,75,7,136,0.5186151388537124
ledoit_wolf_single_factor,77,9,105,0.5185106428932865
exp_cov,88,5,189,0.5185032041866862
ledoit_wolf_constant_correlation,78,9,105,0.5184688670904121
ledoit_wolf_single_factor,74,6,159,0.5181994088601691
ledoit_wolf_single_factor,94,3,313,0.5180252876650934
ledoit_wolf,96,9,103,0.5179472135089527
ledoit_wolf_constant_variance,96,9,103,0.5179472135089527
ledoit_wolf_constant_variance,100,4,233,0.5178689474091478
ledoit_wolf,100,4,233,0.5178689474091478
ledoit_wolf,98,9,103,0.5177232383924625
ledoit_wolf_constant_variance,98,9,103,0.5177232383924625
ledoit_wolf_single_factor,88,3,315,0.5176696195340466
ledoit_wolf_single_factor,85,9,104,0.5175286116623007
ledoit_wolf_constant_variance,94,4,235,0.5173472031824223
ledoit_wolf,94,4,235,0.5173472031824223
ledoit_wolf_constant_variance,99,6,155,0.5171083229560786
ledoit_wolf,99,6,155,0.5171083229560786
sample_cov,89,4,236,0.5170976676127286
ledoit_wolf,87,8,117,0.5170283517419085
ledoit_wolf_constant_variance,87,8,117,0.5170283517419085
ledoit_wolf,96,6,156,0.5169076547868202
ledoit_wolf_constant_variance,96,6,156,0.5169076547868202
oracle_approximating,96,9,103,0.5168618582273109
ledoit_wolf_constant_correlation,77,4,239,0.5166659481417165
ledoit_wolf,97,5,187,0.5162527867264082
ledoit_wolf_constant_variance,97,5,187,0.5162527867264082
oracle_approximating,100,3,311,0.5162199194838767
ledoit_wolf_constant_correlation,83,4,237,0.5161753963379422
sample_cov,85,7,135,0.516098958663674
oracle_approximating,96,6,156,0.5154745781458081
ledoit_wolf_constant_variance,100,3,311,0.5154158291938155
ledoit_wolf,100,3,311,0.5154158291938155
ledoit_wolf_single_factor,95,4,234,0.5153708453229425
ledoit_wolf_constant_variance,82,8,118,0.5150500147895102
ledoit_wolf,82,8,118,0.5150500147895102
ledoit_wolf_constant_correlation,72,8,119,0.5145652305550931
ledoit_wolf,101,4,233,0.5142988436140309
ledoit_wolf_constant_variance,101,4,233,0.5142988436140309
ledoit_wolf_constant_variance,90,5,188,0.5141570230446446
ledoit_wolf,90,5,188,0.5141570230446446
oracle_approximating,93,6,156,0.5141115979131874
oracle_approximating,87,8,117,0.513924468676866
sample_cov,85,6,157,0.5138039196556601
oracle_approximating,97,5,187,0.5137682796581842
ledoit_wolf,96,5,187,0.5137502119594374
ledoit_wolf_constant_variance,96,5,187,0.5137502119594374
ledoit_wolf_single_factor,86,8,118,0.5133885044104065
ledoit_wolf_single_factor,88,4,236,0.5133605168491727
oracle_approximating,98,9,103,0.5131879796095727
ledoit_wolf,93,6,156,0.5130453069922698
ledoit_wolf_constant_variance,93,6,156,0.5130453069922698
sample_cov,97,5,187,0.512540056346826
ledoit_wolf_single_factor,99,3,312,0.512091777758628
ledoit_wolf,86,4,237,0.511990876334448
ledoit_wolf_constant_variance,86,4,237,0.511990876334448
sample_cov,89,6,157,0.5119742379251284
ledoit_wolf_constant_correlation,80,9,105,0.5119177160364845
sample_cov,90,4,236,0.5116218877352513
exp_cov,97,5,187,0.5115790736382471
oracle_approximating,90,5,188,0.5115298714791463
ledoit_wolf_single_factor,82,4,238,0.511523528137779
sample_cov,90,5,188,0.51138379095343
exp_cov,88,8,117,0.5112138967444759
oracle_approximating,86,9,104,0.5111395730013082
oracle_approximating,99,6,155,0.5109585350875825
ledoit_wolf_constant_correlation,76,3,319,0.5107861347356433
ledoit_wolf_single_factor,88,6,157,0.5106084595078544
sample_cov,101,4,233,0.5105236712022242
oracle_approximating,89,4,236,0.5105088046860623
ledoit_wolf_single_factor,96,6,156,0.5103224583754545
sample_cov,90,8,117,0.5102492777330653
sample_cov,93,6,156,0.5102363751371873
sample_cov,73,7,136,0.5101718739179768
ledoit_wolf_constant_variance,83,9,105,0.5101500413764221
ledoit_wolf,83,9,105,0.5101500413764221
exp_cov,94,4,235,0.5100877731195517
ledoit_wolf_constant_correlation,93,3,314,0.5099527301954823
oracle_approximating,80,6,158,0.5098956389301577
oracle_approximating,73,7,136,0.5097991326030114
sample_cov,87,8,117,0.5096895192492437
exp_cov,101,5,186,0.50951562347583
sample_cov,96,9,103,0.5095088844895294
sample_cov,85,8,118,0.5094924674116504
sample_cov,96,6,156,0.5094746226681377
oracle_approximating,101,4,233,0.5088939533375457
ledoit_wolf_constant_variance,80,5,190,0.5088887060440747
ledoit_wolf,80,5,190,0.5088887060440747
ledoit_wolf_constant_variance,84,9,105,0.5086488841982723
ledoit_wolf,84,9,105,0.5086488841982723
semicovariance,79,3,318,0.5086123320065191
oracle_approximating,96,5,187,0.5082324589565343
oracle_approximating,86,4,237,0.5080403073513757
ledoit_wolf_constant_correlation,76,8,119,0.5080086618982944
oracle_approximating,85,8,118,0.5076313269684641
ledoit_wolf_constant_variance,89,4,236,0.5076271809288048
ledoit_wolf,89,4,236,0.5076271809288048
exp_cov,90,8,117,0.5075474662117685
ledoit_wolf,86,9,104,0.5075345663441216
ledoit_wolf_constant_variance,86,9,104,0.5075345663441216
ledoit_wolf_single_factor,77,8,119,0.5072639371362165
semicovariance,73,3,320,0.5068101255548455
ledoit_wolf_constant_variance,85,8,118,0.5066652995450058
ledoit_wolf,85,8,118,0.5066652995450058
exp_cov,98,4,234,0.5065201341198448
ledoit_wolf,97,9,103,0.5065039013729153
ledoit_wolf_constant_variance,97,9,103,0.5065039013729153
oracle_approximating,82,8,118,0.5064341858470046
ledoit_wolf,77,7,136,0.5062813392472637
ledoit_wolf_constant_variance,77,7,136,0.5062813392472637
exp_cov,75,9,106,0.506205379504695
sample_cov,79,7,136,0.5058747051530856
oracle_approximating,84,9,105,0.5058080156126982
ledoit_wolf_constant_correlation,79,9,105,0.5057777944190437
oracle_approximating,83,9,105,0.5057418688433901
oracle_approximating,95,3,313,0.5056482214987452
ledoit_wolf_single_factor,76,9,105,0.5053009976274928
sample_cov,99,6,155,0.5052257084459618
ledoit_wolf_single_factor,84,3,317,0.5050720055375106
ledoit_wolf_single_factor,82,6,158,0.5050094819695318
ledoit_wolf_constant_variance,93,8,117,0.505006596261159
ledoit_wolf,93,8,117,0.505006596261159
exp_cov,86,6,157,0.5049258255984312
ledoit_wolf_constant_variance,73,7,136,0.504678378767124
ledoit_wolf,73,7,136,0.504678378767124
oracle_approximating,95,4,234,0.5039923813432533
exp_cov,101,8,116,0.503876067150856
sample_cov,84,8,118,0.5037182903507418
exp_cov,93,6,156,0.5036626336222204
ledoit_wolf,95,3,313,0.5034674137408093
ledoit_wolf_constant_variance,95,3,313,0.5034674137408093
ledoit_wolf_single_factor,92,3,314,0.5034275010964694
ledoit_wolf_constant_correlation,78,3,319,0.5034217685998218
exp_cov,87,8,117,0.5033816099295131
ledoit_wolf_constant_correlation,82,7,135,0.503201389171562
oracle_approximating,77,7,136,0.5030978260039161
ledoit_wolf_constant_correlation,90,7,134,0.5029943903615225
exp_cov,79,7,136,0.5025816131547379
exp_cov,83,6,158,0.5025804591308433
sample_cov,77,6,159,0.5023806737703236
exp_cov,91,6,156,0.5023731039749355
exp_cov,96,5,187,0.5023512252759001
oracle_approximating,84,8,118,0.5022210384813449
oracle_approximating,89,6,157,0.5018802648404685
ledoit_wolf_constant_variance,95,4,234,0.5016994027886627
ledoit_wolf,95,4,234,0.5016994027886627
sample_cov,98,9,103,0.501661447206345
exp_cov,99,4,233,0.5016357702062935
ledoit_wolf_constant_correlation,71,6,160,0.5015775797819686
exp_cov,96,6,156,0.5015736564564305
ledoit_wolf_constant_variance,89,6,157,0.5014761866032893
ledoit_wolf,89,6,157,0.5014761866032893
ledoit_wolf,89,9,104,0.5014232768410294
ledoit_wolf_constant_variance,89,9,104,0.5014232768410294
exp_cov,92,8,117,0.5014023414892411
ledoit_wolf,74,9,106,0.5011340042854919
ledoit_wolf_constant_variance,74,9,106,0.5011340042854919
sample_cov,95,3,313,0.5010247095856604
ledoit_wolf_constant_variance,84,8,118,0.5009821582800743
ledoit_wolf,84,8,118,0.5009821582800743
ledoit_wolf_constant_correlation,71,8,119,0.5009569318499648
ledoit_wolf_single_factor,83,3,317,0.5009124958718898
oracle_approximating,93,8,117,0.5006871940068761
ledoit_wolf_constant_correlation,90,6,157,0.5004609566325656
ledoit_wolf_single_factor,95,7,133,0.5003373044182383
exp_cov,84,8,118,0.5003006142225124
exp_cov,100,3,311,0.5000892455752424
ledoit_wolf_single_factor,91,3,314,0.49997501973509995
ledoit_wolf_constant_correlation,75,7,136,0.49985651943787696
sample_cov,96,5,187,0.49977517465619015
exp_cov,99,6,155,0.49969089045197657
oracle_approximating,97,9,103,0.4994098891757345
ledoit_wolf_single_factor,85,3,316,0.4993726355643249
sample_cov,92,8,117,0.49928115462598577
oracle_approximating,80,5,190,0.49926483994545034
sample_cov,95,4,234,0.499223533289466
ledoit_wolf_constant_variance,91,8,117,0.49920857713509575
ledoit_wolf,91,8,117,0.49920857713509575
ledoit_wolf_single_factor,75,8,119,0.4989420987613824
ledoit_wolf,86,8,118,0.49880582535911455
ledoit_wolf_constant_variance,86,8,118,0.49880582535911455
sample_cov,86,4,237,0.4987980783800438
ledoit_wolf_single_factor,75,6,159,0.4987831802667816
exp_cov,90,5,188,0.49861714187327233
ledoit_wolf_single_factor,73,4,240,0.49861373785976426
sample_cov,83,9,105,0.49860816366976746
ledoit_wolf,87,7,134,0.49840369584369987
ledoit_wolf_constant_variance,87,7,134,0.49840369584369987
oracle_approximating,87,7,134,0.4983403131859261
ledoit_wolf,79,6,158,0.4983146085739134
ledoit_wolf_constant_variance,79,6,158,0.4983146085739134
ledoit_wolf,99,9,103,0.4982574247214971
ledoit_wolf_constant_variance,99,9,103,0.4982574247214971
ledoit_wolf_single_factor,81,8,118,0.4982374896825315
sample_cov,93,4,235,0.498175584732209
ledoit_wolf_constant_variance,88,9,104,0.4978393806216426
ledoit_wolf,88,9,104,0.4978393806216426
oracle_approximating,91,8,117,0.49773952912192126
exp_cov,85,8,118,0.4976788265873497
oracle_approximating,92,8,117,0.497321016025151
sample_cov,86,3,316,0.4971238561532603
exp_cov,92,5,188,0.49710942021479715
ledoit_wolf_single_factor,96,3,313,0.49699919186040903
ledoit_wolf_single_factor,82,9,105,0.49687620001413385
exp_cov,100,4,233,0.49686416535412936
ledoit_wolf_constant_variance,92,8,117,0.49676982574237055
ledoit_wolf,92,8,117,0.49676982574237055
sample_cov,84,9,105,0.496609025115227
ledoit_wolf,97,3,312,0.4966047528048973
ledoit_wolf_constant_variance,97,3,312,0.4966047528048973
exp_cov,101,3,311,0.49655658876065745
oracle_approximating,77,6,159,0.49624965906650714
sample_cov,92,5,188,0.4961703484740115
ledoit_wolf,93,4,235,0.4961516210957856
ledoit_wolf_constant_variance,93,4,235,0.4961516210957856
ledoit_wolf,102,7,132,0.4959328320378608
ledoit_wolf_constant_variance,102,7,132,0.4959328320378608
exp_cov,84,9,105,0.49585246112229725
sample_cov,87,9,104,0.4956564550741034
oracle_approximating,86,8,118,0.49549875111799685
oracle_approximating,97,3,312,0.49534596910092715
ledoit_wolf_single_factor,89,7,134,0.4953257409652013
oracle_approximating,99,9,103,0.49531148563184335
oracle_approximating,74,9,106,0.49498208514001246
ledoit_wolf_constant_variance,77,6,159,0.49490809790126267
ledoit_wolf,77,6,159,0.49490809790126267
oracle_approximating,84,6,158,0.49473148930023325
oracle_approximating,89,9,104,0.4946556617077854
sample_cov,87,6,157,0.4945821221066764
ledoit_wolf_constant_correlation,73,8,119,0.49442147752237015
oracle_approximating,93,4,235,0.4944138800924297
ledoit_wolf_single_factor,86,5,189,0.4943657610020881
exp_cov,96,9,103,0.4943230343924978
exp_cov,85,6,157,0.4942237803506072
sample_cov,82,8,118,0.4941865735293441
sample_cov,87,7,134,0.493892765622205
sample_cov,87,3,316,0.49363607062266157
oracle_approximating,87,9,104,0.4935103844963934
ledoit_wolf_single_factor,87,9,104,0.49345596130607
sample_cov,97,3,312,0.49340588517928097
ledoit_wolf_constant_variance,87,4,236,0.4932505583362856
ledoit_wolf,87,4,236,0.4932505583362856
oracle_approximating,86,3,316,0.49298772198799345
ledoit_wolf,86,3,316,0.4929532034059472
ledoit_wolf_constant_variance,86,3,316,0.4929532034059472
ledoit_wolf_constant_variance,87,9,104,0.4928550057249798
ledoit_wolf,87,9,104,0.4928550057249798
oracle_approximating,87,4,236,0.49263212692861325
ledoit_wolf,84,6,158,0.4925920540963761
ledoit_wolf_constant_variance,84,6,158,0.4925920540963761
ledoit_wolf_single_factor,90,3,315,0.4925672197057118
exp_cov,90,4,236,0.4925386740218224
sample_cov,96,4,234,0.49244704834608566
oracle_approximating,92,5,188,0.49235236904974333
sample_cov,93,8,117,0.4922338968076533
sample_cov,84,6,158,0.49209391085513454
oracle_approximating,96,4,234,0.4920230033546889
exp_cov,98,3,312,0.49198114257431785
ledoit_wolf_single_factor,84,6,158,0.49185082107551537
ledoit_wolf_constant_variance,82,5,190,0.49180860090618367
ledoit_wolf,82,5,190,0.49180860090618367
ledoit_wolf_single_factor,97,7,133,0.49164249698719403
ledoit_wolf_constant_correlation,81,9,105,0.49156800861227995
sample_cov,99,9,103,0.4914682699210837
sample_cov,87,4,236,0.4912046397806786
exp_cov,95,4,234,0.4911830822829948
ledoit_wolf,96,4,234,0.49105146835761715
ledoit_wolf_constant_variance,96,4,234,0.49105146835761715
oracle_approximating,79,6,158,0.4910205525125039
ledoit_wolf_single_factor,80,3,318,0.49080307971144876
ledoit_wolf_single_factor,88,9,104,0.49075600031722
sample_cov,77,7,136,0.4907085324542383
oracle_approximating,87,6,157,0.49039331447443335
exp_cov,73,7,136,0.4903460394848125
ledoit_wolf,87,6,157,0.4902946138163719
ledoit_wolf_constant_variance,87,6,157,0.4902946138163719
semicovariance,79,9,105,0.4902237912879891
sample_cov,99,3,312,0.4901782058257641
oracle_approximating,88,9,104,0.49014650735089516
ledoit_wolf_single_factor,96,7,133,0.4895595935097114
exp_cov,89,6,157,0.4892977279522112
ledoit_wolf_single_factor,89,9,104,0.48925340267150763
sample_cov,97,9,103,0.4890485641922077
ledoit_wolf,76,9,105,0.4889920009865944
ledoit_wolf_constant_variance,76,9,105,0.4889920009865944
ledoit_wolf_constant_variance,92,5,188,0.48897508289326946
ledoit_wolf,92,5,188,0.48897508289326946
ledoit_wolf_constant_correlation,79,8,118,0.4889314691614209
oracle_approximating,99,3,312,0.4887909680341598
sample_cov,87,5,189,0.4887120209928118
sample_cov,86,8,118,0.48857619680545056
sample_cov,91,8,117,0.48827996514080474
exp_cov,99,9,103,0.487924344464474
oracle_approximating,102,7,132,0.4878549458028212
exp_cov,86,8,118,0.48759044621848424
ledoit_wolf,75,5,191,0.48757236187783354
ledoit_wolf_constant_variance,75,5,191,0.48757236187783354
exp_cov,97,3,312,0.48756443777680836
sample_cov,74,9,106,0.4874968936768784
ledoit_wolf_constant_variance,83,8,118,0.48742873957976784
ledoit_wolf,83,8,118,0.48742873957976784
ledoit_wolf_constant_variance,99,3,312,0.4873755458076737
ledoit_wolf,99,3,312,0.4873755458076737
sample_cov,80,6,158,0.48737251695865846
ledoit_wolf,84,5,189,0.48731556518288766
ledoit_wolf_constant_variance,84,5,189,0.48731556518288766
sample_cov,73,5,192,0.487116825421916
ledoit_wolf_constant_variance,81,5,190,0.4870912715050935
ledoit_wolf,81,5,190,0.4870912715050935
exp_cov,80,5,190,0.487064992028432
ledoit_wolf,97,4,234,0.48706278918185897
ledoit_wolf_constant_variance,97,4,234,0.48706278918185897
oracle_approximating,84,5,189,0.4869081475253753
ledoit_wolf,81,6,158,0.4868554934284067
ledoit_wolf_constant_variance,81,6,158,0.4868554934284067
ledoit_wolf_single_factor,78,9,105,0.4866447894488744
oracle_approximating,89,5,188,0.48658284676052915
oracle_approximating,82,5,190,0.48637481475067185
ledoit_wolf_constant_correlation,75,3,320,0.48587099885367424
oracle_approximating,79,5,190,0.48581569403425157
sample_cov,97,4,234,0.48550505134046695
exp_cov,85,7,135,0.4854711495449418
oracle_approximating,96,3,313,0.4854614307028355
oracle_approximating,76,9,105,0.48540607237662803
exp_cov,91,8,117,0.48540269483550913
ledoit_wolf_constant_correlation,88,7,134,0.4853859569088434
sample_cov,102,7,132,0.4853658071276065
ledoit_wolf_single_factor,92,4,235,0.48528423434030926
oracle_approximating,97,4,234,0.4852129891692665
oracle_approximating,91,4,235,0.48498831342335796
ledoit_wolf_single_factor,81,3,318,0.4849733313312938
ledoit_wolf_constant_variance,89,5,188,0.48459772185076816
ledoit_wolf,89,5,188,0.48459772185076816
exp_cov,102,3,311,0.484522750026494
ledoit_wolf,79,5,190,0.48438343955811514
ledoit_wolf_constant_variance,79,5,190,0.48438343955811514
exp_cov,82,8,118,0.48423068142985526
sample_cov,89,5,188,0.48398629596735715
oracle_approximating,76,5,191,0.4836062280153801
exp_cov,95,3,313,0.4834910746171172
sample_cov,80,5,190,0.48338824110170153
exp_cov,89,4,236,0.48332510293181097
exp_cov,93,8,117,0.48304172062217327
exp_cov,90,9,104,0.48304082679865634
ledoit_wolf_constant_variance,96,3,313,0.4827012108381791
ledoit_wolf,96,3,313,0.4827012108381791
sample_cov,91,4,235,0.48267013800217135
oracle_approximating,83,8,118,0.482654925016196
ledoit_wolf_constant_variance,91,4,235,0.48245278197371433
ledoit_wolf,91,4,235,0.48245278197371433
ledoit_wolf_constant_variance,89,7,134,0.4822630895175957
ledoit_wolf,89,7,134,0.4822630895175957
ledoit_wolf_constant_correlation,72,6,160,0.48208206510135276
exp_cov,98,9,103,0.481920871520362
ledoit_wolf_single_factor,91,5,188,0.4818853868559801
exp_cov,87,9,104,0.48183933766889125
ledoit_wolf_constant_correlation,73,9,106,0.4817722739464579
ledoit_wolf_single_factor,77,4,239,0.4817714296306546
exp_cov,83,9,105,0.4817368740707556
sample_cov,77,9,105,0.4816356190809997
ledoit_wolf_constant_variance,76,5,191,0.48159755512339225
ledoit_wolf,76,5,191,0.48159755512339225
oracle_approximating,75,5,191,0.48153066632596914
sample_cov,76,5,191,0.48145614619337773
sample_cov,84,5,189,0.4812918243327793
ledoit_wolf_constant_correlation,71,3,321,0.4811490933703365
ledoit_wolf_single_factor,84,4,237,0.4811248883780421
exp_cov,97,7,133,0.4810372972491717
sample_cov,96,3,313,0.4809157368533302
oracle_approximating,73,5,192,0.48078727991822495
exp_cov,93,4,235,0.4807475878426019
ledoit_wolf_single_factor,74,5,191,0.4807341362563636
exp_cov,101,4,233,0.48051378955276713
sample_cov,76,9,105,0.480392163318092
ledoit_wolf_single_factor,90,9,104,0.4803826466831517
ledoit_wolf,82,6,158,0.4801388370119477
ledoit_wolf_constant_variance,82,6,158,0.4801388370119477
oracle_approximating,97,7,133,0.4800645539346065
exp_cov,99,5,186,0.47995005129550317
exp_cov,97,9,103,0.47988804020874665
ledoit_wolf,85,5,189,0.47981486466627754
ledoit_wolf_constant_variance,85,5,189,0.47981486466627754
ledoit_wolf_constant_variance,78,7,136,0.47970031129600627
ledoit_wolf,78,7,136,0.47970031129600627
ledoit_wolf_constant_variance,97,7,133,0.47939707260675174
ledoit_wolf,97,7,133,0.47939707260675174
ledoit_wolf_single_factor,73,8,119,0.4793603728818764
oracle_approximating,81,6,158,0.4793384102985182
oracle_approximating,89,7,134,0.47908349888011015
sample_cov,97,7,133,0.47907167619687924
sample_cov,82,5,190,0.47900366325223065
exp_cov,87,7,134,0.4789613085927555
ledoit_wolf,80,7,135,0.4787768842751481
ledoit_wolf_constant_variance,80,7,135,0.4787768842751481
ledoit_wolf_single_factor,74,8,119,0.47848136975959754
exp_cov,96,4,234,0.4783189695308212
sample_cov,85,5,189,0.4783121887244619
sample_cov,83,8,118,0.4782198387451404
oracle_approximating,81,5,190,0.4782149594551789
exp_cov,89,9,104,0.4781431887520424
sample_cov,79,5,190,0.47792307517643795
exp_cov,86,4,237,0.47786985778755964
ledoit_wolf,87,5,189,0.4774717055077163
ledoit_wolf_constant_variance,87,5,189,0.4774717055077163
oracle_approximating,87,3,316,0.47741381171818736
sample_cov,85,4,237,0.477397886751394
oracle_approximating,85,5,189,0.47721299405902645
sample_cov,89,9,104,0.4771228509713543
oracle_approximating,87,5,189,0.4770057586577009
ledoit_wolf_constant_correlation,72,4,240,0.476989933361446
exp_cov,84,6,158,0.4768433371621338
sample_cov,90,9,104,0.4765700484522782
sample_cov,89,3,315,0.4764168502523485
ledoit_wolf_constant_correlation,83,7,135,0.47628731514558853
ledoit_wolf_constant_variance,90,7,134,0.4762688592365159
ledoit_wolf,90,7,134,0.4762688592365159
ledoit_wolf_single_factor,93,3,314,0.4761577062190409
oracle_approximating,80,7,135,0.4760841752691212
ledoit_wolf_single_factor,76,8,119,0.4759147380724481
exp_cov,99,3,312,0.4758337245615435
exp_cov,82,5,190,0.4755337575016762
oracle_approximating,90,9,104,0.4753728645536588
exp_cov,80,6,158,0.47531791784695154
ledoit_wolf_constant_correlation,74,7,136,0.4752860240486277
oracle_approximating,78,7,136,0.4751983955174665
exp_cov,83,8,118,0.47511482963030427
exp_cov,87,5,189,0.4750865402900492
ledoit_wolf_constant_variance,73,5,192,0.47469721437198953
ledoit_wolf,73,5,192,0.47469721437198953
ledoit_wolf,90,9,104,0.4744885786017895
ledoit_wolf_constant_variance,90,9,104,0.4744885786017895
oracle_approximating,94,3,313,0.4743858605088548
sample_cov,79,6,158,0.47429765136364876
exp_cov,87,4,236,0.4740217183472223
oracle_approximating,85,4,237,0.4739901347133647
semicovariance,71,9,106,0.4739127259962326
oracle_approximating,89,3,315,0.47373404981261213
oracle_approximating,90,7,134,0.4737014147420928
ledoit_wolf_constant_variance,88,6,157,0.47359689817003514
ledoit_wolf,88,6,157,0.47359689817003514
ledoit_wolf,89,3,315,0.47353172253423437
ledoit_wolf_constant_variance,89,3,315,0.47353172253423437
ledoit_wolf_single_factor,80,8,118,0.4734954527381744
ledoit_wolf_constant_variance,82,4,238,0.4734712039636078
ledoit_wolf,82,4,238,0.4734712039636078
sample_cov,94,3,313,0.4734115729689853
exp_cov,85,5,189,0.47314314257690154
ledoit_wolf,85,9,104,0.47305977611862515
ledoit_wolf_constant_variance,85,9,104,0.47305977611862515
ledoit_wolf_single_factor,82,3,317,0.473039131348569
sample_cov,84,3,317,0.4729083410340175
ledoit_wolf_constant_variance,96,7,133,0.47264236830417306
ledoit_wolf,96,7,133,0.47264236830417306
ledoit_wolf_constant_variance,85,4,237,0.4720639897860086
ledoit_wolf,85,4,237,0.4720639897860086
ledoit_wolf_constant_correlation,81,7,135,0.4717198077534363
ledoit_wolf,94,3,313,0.4717030509588741
ledoit_wolf_constant_variance,94,3,313,0.4717030509588741
oracle_approximating,84,3,317,0.47168544517288247
exp_cov,87,6,157,0.4715855165834936
oracle_approximating,77,5,191,0.47156374775494014
ledoit_wolf_single_factor,78,4,239,0.47140574762351456
ledoit_wolf_constant_correlation,76,4,239,0.4712075383980917
ledoit_wolf,77,5,191,0.4711666341139711
ledoit_wolf_constant_variance,77,5,191,0.4711666341139711
oracle_approximating,85,9,104,0.47095647700805676
sample_cov,77,5,191,0.4709375446036781
ledoit_wolf_constant_correlation,72,3,321,0.4708942996470414
exp_cov,94,3,313,0.4705929207535079
ledoit_wolf,81,8,118,0.47037829814760845
ledoit_wolf_constant_variance,81,8,118,0.47037829814760845
ledoit_wolf_single_factor,80,7,135,0.47034588748241735
oracle_approximating,82,6,158,0.47026058022136996
exp_cov,97,4,234,0.4702106574040957
ledoit_wolf_constant_correlation,71,5,192,0.4702019379096047
ledoit_wolf_single_factor,80,9,105,0.47011178554210853
ledoit_wolf_single_factor,90,7,134,0.46969680067764513
sample_cov,90,3,315,0.4696191449551736
exp_cov,96,3,313,0.46960159813409647
ledoit_wolf,92,3,314,0.469434459360889
ledoit_wolf_constant_variance,92,3,314,0.469434459360889
ledoit_wolf_constant_variance,87,3,316,0.4693776752261983
ledoit_wolf,87,3,316,0.4693776752261983
oracle_approximating,71,7,137,0.46926507029439873
sample_cov,89,7,134,0.4691380024185125
exp_cov,91,4,235,0.46893812589826206
exp_cov,90,7,134,0.4688684615307409
exp_cov,86,3,316,0.4688225890969653
sample_cov,75,5,191,0.4687863510212251
ledoit_wolf_constant_variance,91,5,188,0.4686466226717377
ledoit_wolf,91,5,188,0.4686466226717377
ledoit_wolf_single_factor,75,7,136,0.4686064129575367
sample_cov,88,9,104,0.46857491198063206
oracle_approximating,77,9,105,0.46857145462971456
oracle_approximating,91,5,188,0.46849202149095753
ledoit_wolf,71,7,137,0.467988614128703
ledoit_wolf_constant_variance,71,7,137,0.467988614128703
oracle_approximating,88,6,157,0.46792998724538415
ledoit_wolf_single_factor,76,6,159,0.46787697985495763
exp_cov,76,5,191,0.4673264672869377
sample_cov,81,5,190,0.46732219991721824
ledoit_wolf,77,9,105,0.4673009380430012
ledoit_wolf_constant_variance,77,9,105,0.4673009380430012
sample_cov,85,9,104,0.46726548162010395
ledoit_wolf_single_factor,74,4,240,0.4672153055065297
semicovariance,76,3,319,0.4668160124342369
ledoit_wolf_constant_correlation,76,7,136,0.4666971380224429
ledoit_wolf_constant_variance,84,3,317,0.46668618864800493
ledoit_wolf,84,3,317,0.46668618864800493
sample_cov,80,7,135,0.46666423877055213
ledoit_wolf_single_factor,83,4,237,0.4665031110991228
exp_cov,77,7,136,0.46615349356869584
oracle_approximating,92,3,314,0.46585716403648747
semicovariance,76,4,239,0.4657825112620108
ledoit_wolf_constant_correlation,78,8,119,0.4656965223722525
oracle_approximating,96,7,133,0.46547401140914013
sample_cov,88,4,236,0.46530339558319145
oracle_approximating,90,3,315,0.46529937328095167
exp_cov,77,6,159,0.4650762423784788
ledoit_wolf,86,5,189,0.4643752184130884
ledoit_wolf_constant_variance,86,5,189,0.4643752184130884
exp_cov,81,5,190,0.46434040634124574
sample_cov,92,3,314,0.46418793607591813
oracle_approximating,82,4,238,0.4638726786997694
ledoit_wolf,82,9,105,0.4637587333632385
ledoit_wolf_constant_variance,82,9,105,0.4637587333632385
sample_cov,90,7,134,0.46353341258804787
exp_cov,80,7,135,0.46346267553364706
ledoit_wolf_single_factor,79,9,105,0.46271522145724553
oracle_approximating,86,5,189,0.4626859064733435
sample_cov,78,7,136,0.4626364503230564
sample_cov,91,5,188,0.46259962617988404
sample_cov,93,3,314,0.4625382918447569
oracle_approximating,81,8,118,0.46247908733143367
ledoit_wolf_constant_correlation,80,4,238,0.4622939632288584
exp_cov,81,6,158,0.46223120396493483
sample_cov,88,6,157,0.4620251205118971
ledoit_wolf_single_factor,79,3,318,0.46176310576416624
sample_cov,86,5,189,0.461745072543636
exp_cov,85,9,104,0.4615692840280223
ledoit_wolf_constant_variance,95,7,133,0.4614140398564867
ledoit_wolf,95,7,133,0.4614140398564867
sample_cov,81,6,158,0.46139770028945115
exp_cov,73,5,192,0.4611834317337167
ledoit_wolf,80,8,118,0.46113786639555376
ledoit_wolf_constant_variance,80,8,118,0.46113786639555376
exp_cov,84,5,189,0.46106029716062813
exp_cov,88,9,104,0.4608375870186035
ledoit_wolf_single_factor,77,3,319,0.4605021495825693
exp_cov,102,7,132,0.46031290166107086
sample_cov,90,6,157,0.4600005644951734
exp_cov,82,6,158,0.4598305165345056
ledoit_wolf_single_factor,82,7,135,0.45933939844049615
ledoit_wolf,85,3,316,0.45929002099387667
ledoit_wolf_constant_variance,85,3,316,0.45929002099387667
ledoit_wolf,90,3,315,0.45924692227667563
ledoit_wolf_constant_variance,90,3,315,0.45924692227667563
oracle_approximating,82,9,105,0.45908498360002065
exp_cov,79,5,190,0.45900903752442906
exp_cov,87,3,316,0.45897318696650763
ledoit_wolf_single_factor,78,6,159,0.4581471287523759
oracle_approximating,88,4,236,0.4581153635474817
exp_cov,88,6,157,0.45808385239853655
ledoit_wolf_single_factor,75,4,239,0.4579563335775124
sample_cov,71,7,137,0.45793261432949883
exp_cov,89,5,188,0.45741436573305144
ledoit_wolf_constant_correlation,72,5,192,0.45741008127343685
exp_cov,85,4,237,0.4572016746532184
oracle_approximating,93,3,314,0.45708878558254906
ledoit_wolf_constant_variance,74,8,119,0.4567178134158567
ledoit_wolf,74,8,119,0.4567178134158567
ledoit_wolf_single_factor,88,7,134,0.456711027488694
ledoit_wolf_single_factor,71,6,160,0.45661446362240266
exp_cov,77,5,191,0.4563672251835672
exp_cov,77,9,105,0.45633237720408265
oracle_approximating,90,6,157,0.4561599300582
exp_cov,79,6,158,0.4561104679272278
sample_cov,82,6,158,0.45558071977324
oracle_approximating,88,3,315,0.4555241859504837
ledoit_wolf_constant_variance,88,3,315,0.45546237458283456
ledoit_wolf,88,3,315,0.45546237458283456
exp_cov,75,5,191,0.45536766648106547
ledoit_wolf,80,9,105,0.4550904870040542
ledoit_wolf_constant_variance,80,9,105,0.4550904870040542
exp_cov,89,7,134,0.4549338762477583
oracle_approximating,74,8,119,0.45481987267872703
ledoit_wolf,90,6,157,0.45455662606892877
ledoit_wolf_constant_variance,90,6,157,0.45455662606892877
ledoit_wolf_constant_variance,88,4,236,0.4544213920965643
ledoit_wolf,88,4,236,0.4544213920965643
oracle_approximating,75,8,119,0.4538464952585388
oracle_approximating,85,3,316,0.45377031878429147
ledoit_wolf_constant_variance,93,3,314,0.4533336417831373
ledoit_wolf,93,3,314,0.4533336417831373
oracle_approximating,95,7,133,0.4532414032322606
ledoit_wolf_single_factor,79,4,238,0.4529416432476606
exp_cov,90,6,157,0.4528561751063109
ledoit_wolf_single_factor,81,9,105,0.45280661628839014
ledoit_wolf_single_factor,90,6,157,0.45280486419994986
ledoit_wolf,71,8,119,0.45279719608085217
ledoit_wolf_constant_variance,71,8,119,0.45279719608085217
oracle_approximating,80,8,118,0.45256538156692133
exp_cov,76,9,105,0.4521627298981623
sample_cov,75,8,119,0.4518164416974829
exp_cov,84,3,317,0.4516575015119575
sample_cov,96,7,133,0.4515604108450971
sample_cov,92,4,235,0.4512248037635227
ledoit_wolf,81,4,238,0.45105065069909384
ledoit_wolf_constant_variance,81,4,238,0.45105065069909384
sample_cov,88,3,315,0.45086380436749735
ledoit_wolf_constant_variance,75,8,119,0.4507965542321306
ledoit_wolf,75,8,119,0.4507965542321306
oracle_approximating,84,4,237,0.4506111169120823
ledoit_wolf_single_factor,76,3,319,0.450115506787247
ledoit_wolf_single_factor,78,3,319,0.44935840863327015
ledoit_wolf_constant_variance,72,8,119,0.44927537584728056
ledoit_wolf,72,8,119,0.44927537584728056
sample_cov,76,6,159,0.44914831941526906
exp_cov,82,9,105,0.4491289356774092
ledoit_wolf_constant_variance,73,6,159,0.44886122720994176
ledoit_wolf,73,6,159,0.44886122720994176
sample_cov,82,9,105,0.4487374315540519
ledoit_wolf_constant_variance,84,4,237,0.4486982742022067
ledoit_wolf,84,4,237,0.4486982742022067
exp_cov,89,3,315,0.448689895651805
sample_cov,85,3,316,0.44864132573945253
oracle_approximating,81,4,238,0.44851117890459813
ledoit_wolf_single_factor,74,7,136,0.4482998623047717
exp_cov,88,4,236,0.4482926337262815
exp_cov,92,3,314,0.44828120144287364
exp_cov,91,5,188,0.4482757736705404
exp_cov,93,3,314,0.4482365392086589
exp_cov,74,9,106,0.4479787308552372
oracle_approximating,76,6,159,0.44794797713381096
exp_cov,92,4,235,0.44762622050722634
ledoit_wolf_constant_variance,77,8,119,0.44745884877377723
ledoit_wolf,77,8,119,0.44745884877377723
exp_cov,86,5,189,0.4466997493368301
sample_cov,82,4,238,0.4466041564043918
oracle_approximating,71,8,119,0.44651108540272955
oracle_approximating,73,6,159,0.44626163147566306
oracle_approximating,92,4,235,0.44621128311983727
ledoit_wolf,83,3,317,0.4460267477802831
ledoit_wolf_constant_variance,83,3,317,0.4460267477802831
sample_cov,81,8,118,0.4458417101270318
ledoit_wolf_constant_correlation,73,3,320,0.4458071479529551
ledoit_wolf_constant_variance,92,4,235,0.4457730798206231
ledoit_wolf,92,4,235,0.4457730798206231
ledoit_wolf_single_factor,79,8,118,0.4455555978257755
ledoit_wolf,78,6,159,0.4454254568530644
ledoit_wolf_constant_variance,78,6,159,0.4454254568530644
sample_cov,84,4,237,0.44527146530821565
exp_cov,96,7,133,0.44525178548467936
ledoit_wolf,83,4,237,0.4451085995044026
ledoit_wolf_constant_variance,83,4,237,0.4451085995044026
oracle_approximating,72,8,119,0.44508468140099955
ledoit_wolf,91,3,314,0.4449461907098074
ledoit_wolf_constant_variance,91,3,314,0.4449461907098074
exp_cov,71,7,137,0.44471454515004655
oracle_approximating,91,3,314,0.4447144523404888
oracle_approximating,80,9,105,0.4443713991744997
oracle_approximating,78,6,159,0.4441302071936874
ledoit_wolf,76,6,159,0.4437059375961211
ledoit_wolf_constant_variance,76,6,159,0.4437059375961211
exp_cov,82,4,238,0.44366557096562764
ledoit_wolf_constant_variance,78,9,105,0.44318323412778476
ledoit_wolf,78,9,105,0.44318323412778476
oracle_approximating,83,3,317,0.443121916317375
sample_cov,74,8,119,0.4427438261772804
ledoit_wolf_single_factor,83,7,135,0.4425970444426617
ledoit_wolf,82,7,135,0.4425833967716574
ledoit_wolf_constant_variance,82,7,135,0.4425833967716574
ledoit_wolf,79,8,118,0.442566390387079
ledoit_wolf_constant_variance,79,8,118,0.442566390387079
oracle_approximating,78,9,105,0.4421707909618849
exp_cov,90,3,315,0.4421063927191284
sample_cov,81,4,238,0.4421061048094301
ledoit_wolf,73,8,119,0.4418922365729037
ledoit_wolf_constant_variance,73,8,119,0.4418922365729037
ledoit_wolf_single_factor,71,4,240,0.44167290728192665
ledoit_wolf,78,4,239,0.44161061534497525
ledoit_wolf_constant_variance,78,4,239,0.44161061534497525
exp_cov,81,8,118,0.4411070051227928
exp_cov,85,3,316,0.44108217890414464
oracle_approximating,77,8,119,0.44055715718322647
exp_cov,76,6,159,0.4404055856261073
sample_cov,91,3,314,0.4403599096061686
ledoit_wolf_constant_variance,83,7,135,0.44023096056596966
ledoit_wolf,83,7,135,0.44023096056596966
oracle_approximating,83,4,237,0.4399866700007788
sample_cov,95,7,133,0.43956288495838225
oracle_approximating,73,8,119,0.43948140983476486
sample_cov,73,6,159,0.4390237360912407
sample_cov,75,6,159,0.4389639205298134
ledoit_wolf_constant_variance,81,3,318,0.43867272464919294
ledoit_wolf,81,3,318,0.43867272464919294
oracle_approximating,81,3,318,0.43863733521022413
exp_cov,88,3,315,0.43809802936424064
sample_cov,73,8,119,0.43802993681011343
ledoit_wolf,74,6,159,0.43757856739943035
ledoit_wolf_constant_variance,74,6,159,0.43757856739943035
sample_cov,78,6,159,0.43710091240420573
exp_cov,75,8,119,0.43703344082259427
oracle_approximating,82,7,135,0.43694063847865006
sample_cov,81,3,318,0.43666987792007966
ledoit_wolf_constant_variance,81,9,105,0.43622998210423336
ledoit_wolf,81,9,105,0.43622998210423336
exp_cov,78,7,136,0.4361362185401902
ledoit_wolf_single_factor,81,7,135,0.4360437201910526
oracle_approximating,83,7,135,0.435991307665635
exp_cov,95,7,133,0.4355085020474352
ledoit_wolf,79,9,105,0.43540620501190896
ledoit_wolf_constant_variance,79,9,105,0.43540620501190896
oracle_approximating,78,4,239,0.43502075707946275
sample_cov,83,3,317,0.4348673836840161
oracle_approximating,75,6,159,0.4348289715128543
ledoit_wolf,82,3,317,0.43472501548777015
ledoit_wolf_constant_variance,82,3,317,0.43472501548777015
ledoit_wolf_constant_variance,88,7,134,0.43458440111690444
ledoit_wolf,88,7,134,0.43458440111690444
exp_cov,84,4,237,0.43421194828043475
ledoit_wolf_constant_variance,76,8,119,0.4341297819650689
ledoit_wolf,76,8,119,0.4341297819650689
oracle_approximating,79,8,118,0.4341224902421718
ledoit_wolf_single_factor,76,7,136,0.4336317118202576
ledoit_wolf_constant_variance,77,4,239,0.43334736503429067
ledoit_wolf,77,4,239,0.43334736503429067
exp_cov,81,4,238,0.4332686601973823
oracle_approximating,74,6,159,0.4331147704759822
sample_cov,83,7,135,0.4325219705156577
ledoit_wolf_constant_correlation,74,3,320,0.43222918497255436
ledoit_wolf,74,5,191,0.43222437213458775
ledoit_wolf_constant_variance,74,5,191,0.43222437213458775
sample_cov,77,8,119,0.4321763052636099
oracle_approximating,76,8,119,0.4319125752861703
ledoit_wolf_single_factor,72,6,160,0.4318545917832279
exp_cov,75,6,159,0.43126740538081065
ledoit_wolf_constant_variance,75,7,136,0.4309926126326852
ledoit_wolf,75,7,136,0.4309926126326852
oracle_approximating,81,9,105,0.4309534960704382
sample_cov,76,8,119,0.4308702432757838
exp_cov,83,7,135,0.43085932431207286
oracle_approximating,77,4,239,0.4306299370947456
sample_cov,78,9,105,0.4304565096539334
sample_cov,83,4,237,0.42991991780315736
sample_cov,77,4,239,0.4297345315565708
oracle_approximating,79,9,105,0.4293637214020086
oracle_approximating,82,3,317,0.42928587649528244
sample_cov,74,6,159,0.42921968336288296
oracle_approximating,88,7,134,0.42889114506777315
ledoit_wolf_single_factor,75,3,320,0.42879568668765555
ledoit_wolf_single_factor,78,8,119,0.4283375429150551
exp_cov,91,3,314,0.4276837426266476
ledoit_wolf,75,6,159,0.42745516251738125
ledoit_wolf_constant_variance,75,6,159,0.42745516251738125
exp_cov,73,6,159,0.42738157807493093
sample_cov,72,8,119,0.4272212607259934
oracle_approximating,74,5,191,0.42720755875109434
ledoit_wolf_single_factor,80,4,238,0.4271358073709182
ledoit_wolf_constant_variance,71,6,160,0.4260959120455098
ledoit_wolf,71,6,160,0.4260959120455098
oracle_approximating,75,7,136,0.42607122239149403
sample_cov,80,8,118,0.42577420163326096
ledoit_wolf,72,6,160,0.4255833190122102
ledoit_wolf_constant_variance,72,6,160,0.4255833190122102
sample_cov,82,7,135,0.42546672289070864
ledoit_wolf_single_factor,71,8,119,0.4249173817086133
oracle_approximating,72,6,160,0.42487981574398964
ledoit_wolf,78,8,119,0.42448122895686985
ledoit_wolf_constant_variance,78,8,119,0.42448122895686985
oracle_approximating,71,6,160,0.42398246921326377
exp_cov,74,8,119,0.42360961851237755
exp_cov,83,4,237,0.4233522202418335
exp_cov,78,6,159,0.42332765415067347
ledoit_wolf_single_factor,76,4,239,0.42332717704274303
exp_cov,72,8,119,0.4231020706148504
ledoit_wolf_constant_variance,74,4,240,0.4230752222883539
ledoit_wolf,74,4,240,0.4230752222883539
ledoit_wolf,79,4,238,0.42302363784882824
ledoit_wolf_constant_variance,79,4,238,0.42302363784882824
exp_cov,73,8,119,0.42242626720711274
exp_cov,83,3,317,0.42210100842136206
oracle_approximating,74,4,240,0.420809456898439
exp_cov,81,3,318,0.42080095079257307
sample_cov,82,3,317,0.42065994684472463
sample_cov,75,7,136,0.4198532936074745
sample_cov,80,9,105,0.4195524761591155
sample_cov,78,4,239,0.4191653822712601
oracle_approximating,75,4,239,0.41881937701852556
sample_cov,88,7,134,0.41871427869354144
ledoit_wolf_single_factor,72,8,119,0.4180647445845376
ledoit_wolf_constant_correlation,71,9,106,0.41794489668936724
exp_cov,80,9,105,0.4176211547104274
ledoit_wolf,80,3,318,0.4174020544478295
ledoit_wolf_constant_variance,80,3,318,0.4174020544478295
oracle_approximating,79,4,238,0.41729041654310456
sample_cov,74,5,191,0.4169325452620284
ledoit_wolf,79,3,318,0.4166854507553188
ledoit_wolf_constant_variance,79,3,318,0.4166854507553188
sample_cov,75,4,239,0.4166801762935214
sample_cov,71,6,160,0.41632870819770484
ledoit_wolf_constant_variance,77,3,319,0.4159060192808685
ledoit_wolf,77,3,319,0.4159060192808685
oracle_approximating,78,8,119,0.41564215994707887
exp_cov,76,8,119,0.4155503528394194
exp_cov,82,7,135,0.41552034771416124
ledoit_wolf_single_factor,72,5,192,0.4151481679314474
ledoit_wolf,81,7,135,0.4146175456907449
ledoit_wolf_constant_variance,81,7,135,0.4146175456907449
sample_cov,81,9,105,0.413865301731202
ledoit_wolf_constant_variance,75,4,239,0.4134984811663041
ledoit_wolf,75,4,239,0.4134984811663041
ledoit_wolf_constant_variance,76,7,136,0.4128021648110986
ledoit_wolf,76,7,136,0.4128021648110986
exp_cov,77,8,119,0.4127670356345638
exp_cov,74,6,159,0.4127427855009537
oracle_approximating,77,3,319,0.4127297542087881
sample_cov,79,4,238,0.41268438089135445
oracle_approximating,80,3,318,0.4125339630515737
exp_cov,78,9,105,0.41211596725665733
oracle_approximating,79,3,318,0.4119513324147658
sample_cov,77,3,319,0.4119064797512235
ledoit_wolf_single_factor,73,9,106,0.41168789436413644
ledoit_wolf_single_factor,72,3,321,0.41081299674940897
sample_cov,71,8,119,0.41075208357000537
ledoit_wolf_constant_variance,74,7,136,0.4106161490758211
ledoit_wolf,74,7,136,0.4106161490758211
sample_cov,73,4,240,0.410351125763181
sample_cov,74,4,240,0.41010870377179176
exp_cov,82,3,317,0.4100798548046494
ledoit_wolf_constant_variance,71,4,240,0.40961560693557403
ledoit_wolf,71,4,240,0.40961560693557403
ledoit_wolf_single_factor,71,3,321,0.40952136734499384
oracle_approximating,76,7,136,0.4094837305180614
exp_cov,80,8,118,0.4094475745255117
ledoit_wolf,73,9,106,0.40907432548788836
ledoit_wolf_constant_variance,73,9,106,0.40907432548788836
sample_cov,79,9,105,0.40865931852520004
sample_cov,72,6,160,0.4085168745995834
ledoit_wolf_single_factor,72,4,240,0.4084988802318634
exp_cov,88,7,134,0.40834769284524247
sample_cov,79,8,118,0.4080679541752117
ledoit_wolf,78,3,319,0.4080176767522475
ledoit_wolf_constant_variance,78,3,319,0.4080176767522475
ledoit_wolf_constant_variance,73,4,240,0.40794766901856505
ledoit_wolf,73,4,240,0.40794766901856505
oracle_approximating,73,4,240,0.40712018947561
oracle_approximating,78,3,319,0.4071097900238051
oracle_approximating,74,7,136,0.4063204577039895
exp_cov,81,9,105,0.4061906240019026
exp_cov,75,7,136,0.40537836408809025
sample_cov,78,3,319,0.40534849555635494
sample_cov,80,3,318,0.4048731182852197
exp_cov,72,6,160,0.4047069471162572
oracle_approximating,73,9,106,0.40460127752817987
sample_cov,79,3,318,0.4042452107123249
oracle_approximating,81,7,135,0.40381098843749536
exp_cov,71,8,119,0.4036840868641914
exp_cov,75,4,239,0.40308252388095783
oracle_approximating,71,4,240,0.4027531743068987
ledoit_wolf_constant_variance,71,5,192,0.4016951120077617
ledoit_wolf,71,5,192,0.4016951120077617
ledoit_wolf_single_factor,71,5,192,0.40100302264431165
ledoit_wolf_single_factor,73,3,320,0.4006931233100299
exp_cov,71,6,160,0.3995366921404698
sample_cov,76,7,136,0.3992160384248964
exp_cov,77,4,239,0.3990936831758407
oracle_approximating,71,5,192,0.39838748762756515
sample_cov,75,3,320,0.39810816276013594
exp_cov,74,4,240,0.3976141866794385
exp_cov,78,4,239,0.39721227594825564
ledoit_wolf_single_factor,74,3,320,0.39706177719184166
exp_cov,79,9,105,0.39705716754663134
sample_cov,73,9,106,0.39630484661444143
oracle_approximating,75,3,320,0.3960991314594723
ledoit_wolf_constant_correlation,72,9,106,0.3953713460974937
oracle_approximating,76,3,319,0.39472682463609354
ledoit_wolf_constant_variance,76,3,319,0.3947051578778362
ledoit_wolf,76,3,319,0.3947051578778362
exp_cov,79,3,318,0.39401086174660155
sample_cov,76,4,239,0.3933569836554426
oracle_approximating,76,4,239,0.3920014537789349
exp_cov,73,9,106,0.39185149538585656
sample_cov,78,8,119,0.39181631471370026
sample_cov,74,7,136,0.39179298221428205
ledoit_wolf,80,4,238,0.3916135283066064
ledoit_wolf_constant_variance,80,4,238,0.3916135283066064
exp_cov,79,4,238,0.3912603382060877
exp_cov,76,7,136,0.3908146124223592
oracle_approximating,80,4,238,0.39010037997282687
exp_cov,79,8,118,0.3899730584193016
exp_cov,80,3,318,0.38981785395126073
exp_cov,78,8,119,0.38978789529361824
sample_cov,76,3,319,0.3896862131120729
exp_cov,78,3,319,0.38895661345768495
ledoit_wolf,76,4,239,0.3887865682719383
ledoit_wolf_constant_variance,76,4,239,0.3887865682719383
ledoit_wolf_constant_variance,75,3,320,0.3882106211479625
ledoit_wolf,75,3,320,0.3882106211479625
sample_cov,71,5,192,0.3878876820090189
exp_cov,73,4,240,0.3878847570399104
sample_cov,80,4,238,0.38777117377071174
ledoit_wolf_single_factor,71,9,106,0.38685510098808107
ledoit_wolf,72,5,192,0.3866319388293021
ledoit_wolf_constant_variance,72,5,192,0.3866319388293021
sample_cov,71,4,240,0.38599315868830836
oracle_approximating,72,5,192,0.3858053617443974
exp_cov,71,4,240,0.38462773018695495
exp_cov,75,3,320,0.38395795111780184
exp_cov,74,7,136,0.38319226440815013
exp_cov,74,5,191,0.3829749651852939
sample_cov,81,7,135,0.3817685176891739
exp_cov,77,3,319,0.3808740599337699
exp_cov,76,3,319,0.3806423154487071
exp_cov,72,5,192,0.3783166596536425
ledoit_wolf_constant_variance,71,9,106,0.3778663041269551
ledoit_wolf,71,9,106,0.3778663041269551
ledoit_wolf,72,4,240,0.3774654319977465
ledoit_wolf_constant_variance,72,4,240,0.3774654319977465
sample_cov,72,5,192,0.37716217941691427
oracle_approximating,72,4,240,0.37610537022123086
exp_cov,81,7,135,0.3745955203409063
exp_cov,71,5,192,0.37412515261640766
exp_cov,80,4,238,0.3736619901049042
oracle_approximating,72,3,321,0.37150809897117054
oracle_approximating,71,9,106,0.37142332765261216
ledoit_wolf_constant_variance,72,3,321,0.3710440791981536
ledoit_wolf,72,3,321,0.3710440791981536
exp_cov,76,4,239,0.36993466846489115
sample_cov,72,4,240,0.3690415178210012
sample_cov,72,3,321,0.367784705381627
exp_cov,72,4,240,0.36508324856107033
ledoit_wolf_single_factor,72,9,106,0.363752247173108
exp_cov,72,3,321,0.36213129260086796
ledoit_wolf,74,3,320,0.35972138705166357
ledoit_wolf_constant_variance,74,3,320,0.35972138705166357
ledoit_wolf_constant_variance,72,9,106,0.35825614875572737
ledoit_wolf,72,9,106,0.35825614875572737
ledoit_wolf_constant_variance,71,3,321,0.35553113726893887
ledoit_wolf,71,3,321,0.35553113726893887
oracle_approximating,74,3,320,0.355081421966551
sample_cov,71,9,106,0.3530759810421577
oracle_approximating,71,3,321,0.35301970601260313
oracle_approximating,72,9,106,0.3520205051033125
ledoit_wolf_constant_variance,73,3,320,0.3505929833501534
ledoit_wolf,73,3,320,0.3505929833501534
sample_cov,71,3,321,0.3496420412006587
sample_cov,74,3,320,0.34944817929448924
oracle_approximating,73,3,320,0.3494376595860683
exp_cov,71,9,106,0.34554929766647385
exp_cov,71,3,321,0.34112103360150187
sample_cov,73,3,320,0.33954730503679303
exp_cov,72,9,106,0.338326505408469
exp_cov,73,3,320,0.33639630937788184
sample_cov,72,9,106,0.33503281132547624
exp_cov,74,3,320,0.3295358390842614
