T,O,H,L,C,V
2021-05-01 00:15:00,0.010943,0.010945,0.010844,0.010915,10145.98
2021-05-01 00:30:00,0.010914,0.010962,0.010903,0.010959,3597.94
2021-05-01 00:45:00,0.010959,0.01096,0.010921,0.010948,3227.71
2021-05-01 01:00:00,0.0109489999999999,0.010953,0.01091,0.010926,4403.05
2021-05-01 01:15:00,0.01093,0.01093,0.010862,0.010862,5954.22
2021-05-01 01:30:00,0.010863,0.010895,0.010839,0.010854,5482.43
2021-05-01 01:45:00,0.010854,0.010892,0.010835,0.01089,5389.91
2021-05-01 02:00:00,0.01089,0.010894,0.01084,0.010845,4680.75
2021-05-01 02:15:00,0.010845,0.010862,0.010817,0.010818,5676.95
2021-05-01 02:30:00,0.010817,0.010832,0.010742,0.010813,9098.36
2021-05-01 02:45:00,0.01082,0.010848,0.0108,0.010832,2773.65
2021-05-01 03:00:00,0.010834,0.010856,0.0108019999999999,0.010804,2981.33
2021-05-01 03:15:00,0.010804,0.010862,0.0108019999999999,0.010844,3298.39
2021-05-01 03:30:00,0.010849,0.010856,0.0107409999999999,0.010753,7758.43
2021-05-01 03:45:00,0.01075,0.010826,0.01075,0.010791,7809.22
2021-05-01 04:00:00,0.010794,0.010798,0.010603,0.010687,19032.64
2021-05-01 04:15:00,0.0106909999999999,0.010712,0.010655,0.010666,7840.3
2021-05-01 04:30:00,0.010667,0.010723,0.01066,0.010715,8597.14
2021-05-01 04:45:00,0.010717,0.0108019999999999,0.010713,0.010773,11869.84
2021-05-01 05:00:00,0.010776,0.010804,0.010728,0.010752,9220.56
2021-05-01 05:15:00,0.010748,0.010763,0.010722,0.010737,5459.06
2021-05-01 05:30:00,0.010735,0.010793,0.0106769999999999,0.010683,8024.63
2021-05-01 05:45:00,0.010685,0.010692,0.01055,0.010609,17839.58
2021-05-01 06:00:00,0.010609,0.010799,0.010601,0.010763,17997.24
2021-05-01 06:15:00,0.010764,0.010989,0.01074,0.010973,26322.97
2021-05-01 06:30:00,0.010967,0.01104,0.010917,0.011005,22322.82
2021-05-01 06:45:00,0.011003,0.011006,0.010916,0.010962,11517.1
2021-05-01 07:00:00,0.010961,0.011049,0.010935,0.010936,6181.98
2021-05-01 07:15:00,0.010938,0.010959,0.010898,0.01093,4397.14
2021-05-01 07:30:00,0.01093,0.010986,0.010929,0.010983,5092.6
2021-05-01 07:45:00,0.0109819999999999,0.0109819999999999,0.010921,0.01093,5959.81
2021-05-01 08:00:00,0.010931,0.010983,0.01093,0.010955,5873.64
2021-05-01 08:15:00,0.010955,0.010959,0.010878,0.010906,9521.19
2021-05-01 08:30:00,0.010906,0.010933,0.01087,0.010877,9899.36
2021-05-01 08:45:00,0.010876,0.010896,0.010846,0.0108799999999999,3017.98
2021-05-01 09:00:00,0.010882,0.010928,0.0108709999999999,0.010916,5053.33
2021-05-01 09:15:00,0.010915,0.010918,0.010836,0.010909,5336.47
2021-05-01 09:30:00,0.010909,0.010914,0.01086,0.010862,4572.89
2021-05-01 09:45:00,0.0108609999999999,0.0109,0.0108609999999999,0.010875,4579.03
2021-05-01 10:00:00,0.010876,0.01089,0.010834,0.01084,12816.5
2021-05-01 10:15:00,0.01084,0.010882,0.010836,0.010844,10262.36
2021-05-01 10:30:00,0.010844,0.010858,0.010813,0.01085,7269.96
2021-05-01 10:45:00,0.010849,0.01086,0.010795,0.010828,9907.18
2021-05-01 11:00:00,0.010829,0.010854,0.010785,0.0108,7799.9
2021-05-01 11:15:00,0.0108,0.010842,0.010799,0.010827,5484.24
2021-05-01 11:30:00,0.010827,0.010839,0.01078,0.010784,6092.57
2021-05-01 11:45:00,0.010782,0.010853,0.010782,0.010847,5732.68
2021-05-01 12:00:00,0.010846,0.010912,0.010838,0.0108989999999999,2651.86
2021-05-01 12:15:00,0.0109,0.010907,0.010854,0.010884,2144.77
2021-05-01 12:30:00,0.010884,0.010886,0.010836,0.010865,5033.48
2021-05-01 12:45:00,0.010864,0.010887,0.010815,0.0108209999999999,2240.26
2021-05-01 13:00:00,0.010816,0.010827,0.010657,0.010713,12625.35
2021-05-01 13:15:00,0.010716,0.010763,0.010672,0.010749,4358.4
2021-05-01 13:30:00,0.01075,0.010798,0.010719,0.01079,3699.35
2021-05-01 13:45:00,0.010791,0.010791,0.01074,0.010752,2561.54
2021-05-01 14:00:00,0.010749,0.010758,0.010712,0.01075,4422.89
2021-05-01 14:15:00,0.0107459999999999,0.010783,0.0107319999999999,0.010778,2781.37
2021-05-01 14:30:00,0.010778,0.010793,0.01075,0.010758,1942.31
2021-05-01 14:45:00,0.0107599999999999,0.010824,0.010757,0.010814,2165.1
2021-05-01 15:00:00,0.010814,0.010842,0.010805,0.010834,2109.7
2021-05-01 15:15:00,0.010833,0.010854,0.010812,0.010819,2161.62
2021-05-01 15:30:00,0.01082,0.010832,0.010801,0.010812,1877.04
2021-05-01 15:45:00,0.010814,0.010867,0.010809,0.010845,2984.0
2021-05-01 16:00:00,0.010845,0.010856,0.010812,0.010828,1941.02
2021-05-01 16:15:00,0.010827,0.010873,0.010822,0.010844,1693.93
2021-05-01 16:30:00,0.010844,0.010848,0.010819,0.010826,1376.09
2021-05-01 16:45:00,0.010826,0.01084,0.010801,0.010818,2274.34
2021-05-01 17:00:00,0.010816,0.01082,0.01077,0.010786,2922.68
2021-05-01 17:15:00,0.010786,0.0107879999999999,0.01075,0.010768,2164.53
2021-05-01 17:30:00,0.010768,0.01078,0.01075,0.010775,2091.82
2021-05-01 17:45:00,0.010776,0.010813,0.01077,0.0108069999999999,3114.84
2021-05-01 18:00:00,0.010804,0.01082,0.010765,0.010787,1908.36
2021-05-01 18:15:00,0.010787,0.010798,0.010767,0.01078,1248.42
2021-05-01 18:30:00,0.01078,0.010782,0.010758,0.01077,2903.41
2021-05-01 18:45:00,0.01077,0.010782,0.01073,0.010752,4355.57
2021-05-01 19:00:00,0.010751,0.01077,0.010719,0.010742,4163.67
2021-05-01 19:15:00,0.010742,0.010773,0.010738,0.010753,2548.52
2021-05-01 19:30:00,0.010754,0.0107879999999999,0.010749,0.0107879999999999,1698.42
2021-05-01 19:45:00,0.010786,0.010804,0.010766,0.010801,2538.27
2021-05-01 20:00:00,0.0108,0.010859,0.010793,0.010845,6877.38
2021-05-01 20:15:00,0.010845,0.010846,0.0108,0.010816,2588.84
2021-05-01 20:30:00,0.010816,0.010844,0.0108019999999999,0.010825,2969.41
2021-05-01 20:45:00,0.010825,0.01087,0.010825,0.01086,2861.68
2021-05-01 21:00:00,0.010858,0.01087,0.010768,0.010794,8619.71
2021-05-01 21:15:00,0.010793,0.010796,0.010749,0.0107739999999999,1930.8
2021-05-01 21:30:00,0.010773,0.010817,0.010761,0.010813,1923.21
2021-05-01 21:45:00,0.010814,0.01082,0.0107879999999999,0.010803,2912.8
2021-05-01 22:00:00,0.010803,0.01082,0.010773,0.010806,6924.57
2021-05-01 22:15:00,0.010808,0.01083,0.010801,0.010826,2136.52
2021-05-01 22:30:00,0.010825,0.010847,0.010809,0.010837,4079.92
2021-05-01 22:45:00,0.010836,0.010872,0.010835,0.010854,3688.33
2021-05-01 23:00:00,0.0108519999999999,0.010862,0.010808,0.010815,2034.64
2021-05-01 23:15:00,0.010814,0.010828,0.010744,0.010745,3510.77
2021-05-01 23:30:00,0.010745,0.010783,0.010736,0.010757,3936.38
2021-05-01 23:45:00,0.0107549999999999,0.010779,0.010745,0.010756,2394.64
2021-05-02 00:00:00,0.010759,0.010781,0.0107459999999999,0.010757,2069.15
2021-05-02 00:15:00,0.010757,0.010768,0.010731,0.010752,3724.08
2021-05-02 00:30:00,0.010752,0.010768,0.01074,0.010766,1472.51
2021-05-02 00:45:00,0.010765,0.010793,0.010761,0.010777,2002.33
2021-05-02 01:00:00,0.010777,0.010791,0.010768,0.010779,2031.59
2021-05-02 01:15:00,0.01078,0.010792,0.010768,0.010779,2694.71
2021-05-02 01:30:00,0.010779,0.0108,0.010767,0.010784,2440.05
2021-05-02 01:45:00,0.010785,0.01079,0.010739,0.0107409999999999,3148.69
2021-05-02 02:00:00,0.01074,0.010768,0.010737,0.010754,1896.96
2021-05-02 02:15:00,0.0107549999999999,0.010795,0.0107549999999999,0.01078,1431.05
2021-05-02 02:30:00,0.01078,0.010785,0.0107599999999999,0.010773,1191.43
2021-05-02 02:45:00,0.010775,0.010804,0.010775,0.010782,1275.27
2021-05-02 03:00:00,0.010782,0.010785,0.010759,0.010766,1313.73
2021-05-02 03:15:00,0.010765,0.010771,0.010718,0.010719,2348.5
2021-05-02 03:30:00,0.010719,0.010726,0.01069,0.010712,2531.67
2021-05-02 03:45:00,0.010712,0.010734,0.010697,0.010731,2490.52
2021-05-02 04:00:00,0.0107319999999999,0.010845,0.01069,0.010845,6471.31
2021-05-02 04:15:00,0.010844,0.010882,0.010798,0.010811,5288.47
2021-05-02 04:30:00,0.010811,0.010812,0.010759,0.010771,4448.28
2021-05-02 04:45:00,0.010771,0.01078,0.010737,0.0107459999999999,2843.92
2021-05-02 05:00:00,0.010744,0.010752,0.010705,0.010749,3260.18
2021-05-02 05:15:00,0.010748,0.010797,0.01074,0.010758,3536.41
2021-05-02 05:30:00,0.010757,0.010762,0.010731,0.010737,3022.83
2021-05-02 05:45:00,0.010737,0.010754,0.010725,0.010736,2297.96
2021-05-02 06:00:00,0.010736,0.010751,0.010722,0.010748,2487.93
2021-05-02 06:15:00,0.010748,0.010776,0.010743,0.010748,2655.57
2021-05-02 06:30:00,0.010748,0.010757,0.010726,0.010729,2391.15
2021-05-02 06:45:00,0.01073,0.010737,0.010676,0.010695,6804.69
2021-05-02 07:00:00,0.010693,0.010739,0.010688,0.010734,5692.66
2021-05-02 07:15:00,0.010733,0.010753,0.010719,0.010722,4091.76
2021-05-02 07:30:00,0.010722,0.010726,0.0106579999999999,0.010678,9173.25
2021-05-02 07:45:00,0.0106819999999999,0.010703,0.010641,0.010683,5116.79
2021-05-02 08:00:00,0.010683,0.010704,0.010574,0.0106909999999999,9050.02
2021-05-02 08:15:00,0.0106909999999999,0.0107409999999999,0.0106909999999999,0.010703,4067.21
2021-05-02 08:30:00,0.0107,0.01074,0.010694,0.010729,4100.43
2021-05-02 08:45:00,0.010728,0.010758,0.010719,0.010748,6980.76
2021-05-02 09:00:00,0.010753,0.010753,0.010702,0.010709,1059.32
2021-05-02 09:15:00,0.010708,0.010738,0.0106819999999999,0.010719,2188.72
2021-05-02 09:30:00,0.01072,0.010756,0.010708,0.010751,1325.39
2021-05-02 09:45:00,0.010752,0.010778,0.010738,0.01077,2245.64
2021-05-02 10:00:00,0.0107689999999999,0.010803,0.010764,0.010792,2143.01
2021-05-02 10:15:00,0.010792,0.010817,0.01078,0.010799,2424.46
2021-05-02 10:30:00,0.010799,0.010829,0.0107689999999999,0.010779,2845.49
2021-05-02 10:45:00,0.010778,0.010803,0.0107689999999999,0.010794,1120.11
2021-05-02 11:00:00,0.010797,0.010811,0.01078,0.010797,2927.98
2021-05-02 11:15:00,0.010795,0.010801,0.010751,0.010752,1716.94
2021-05-02 11:30:00,0.010756,0.010804,0.010742,0.010782,2625.87
2021-05-02 11:45:00,0.010782,0.0108019999999999,0.010762,0.010765,1771.35
2021-05-02 12:00:00,0.010762,0.010765,0.0107,0.01072,11186.97
2021-05-02 12:15:00,0.010719,0.0107599999999999,0.010679,0.0106959999999999,2704.28
2021-05-02 12:30:00,0.010698,0.010722,0.010673,0.010699,2446.44
2021-05-02 12:45:00,0.010699,0.010731,0.010699,0.010723,2002.62
2021-05-02 13:00:00,0.01072,0.010735,0.010705,0.010723,1391.96
2021-05-02 13:15:00,0.010725,0.010757,0.010711,0.010738,2246.56
2021-05-02 13:30:00,0.010742,0.01075,0.010715,0.01074,1367.34
2021-05-02 13:45:00,0.01074,0.010777,0.010725,0.010743,2320.38
2021-05-02 14:00:00,0.010744,0.0107879999999999,0.010708,0.010786,4796.11
2021-05-02 14:15:00,0.010781,0.010798,0.010771,0.010784,1585.96
2021-05-02 14:30:00,0.010782,0.01081,0.010775,0.010792,1658.07
2021-05-02 14:45:00,0.010792,0.010854,0.01078,0.010822,5961.9
2021-05-02 15:00:00,0.0108209999999999,0.0108709999999999,0.010819,0.010851,4508.55
2021-05-02 15:15:00,0.01085,0.010869,0.010845,0.010868,1404.02
2021-05-02 15:30:00,0.010865,0.010891,0.010839,0.01084,3771.86
2021-05-02 15:45:00,0.010839,0.010892,0.010834,0.0108569999999999,3015.76
2021-05-02 16:00:00,0.010856,0.010887,0.010812,0.010849,4329.6
2021-05-02 16:15:00,0.010849,0.01087,0.010825,0.010865,2726.44
2021-05-02 16:30:00,0.010865,0.01089,0.010858,0.01089,1344.13
2021-05-02 16:45:00,0.010889,0.010912,0.010888,0.010904,3752.91
2021-05-02 17:00:00,0.010904,0.010989,0.010903,0.010957,6164.82
2021-05-02 17:15:00,0.010957,0.0110099999999999,0.01095,0.010974,5579.82
2021-05-02 17:30:00,0.010975,0.010978,0.010914,0.01094,2610.67
2021-05-02 17:45:00,0.01094,0.010948,0.0109129999999999,0.01094,1828.91
2021-05-02 18:00:00,0.010941,0.01097,0.010935,0.0109579999999999,2208.01
2021-05-02 18:15:00,0.010959,0.010966,0.010919,0.0109629999999999,4566.7
2021-05-02 18:30:00,0.010961,0.011007,0.010948,0.010999,4451.33
2021-05-02 18:45:00,0.010999,0.011031,0.01099,0.011017,5727.08
2021-05-02 19:00:00,0.011017,0.01104,0.010993,0.011029,5259.46
2021-05-02 19:15:00,0.011028,0.011077,0.011004,0.011061,6625.04
2021-05-02 19:30:00,0.011063,0.01107,0.01103,0.011031,4099.06
2021-05-02 19:45:00,0.011031,0.0110459999999999,0.010989,0.011001,3021.2
2021-05-02 20:00:00,0.011002,0.011027,0.010992,0.011007,3633.92
2021-05-02 20:15:00,0.011006,0.011015,0.010978,0.0109959999999999,2745.08
2021-05-02 20:30:00,0.010995,0.011018,0.010994,0.011012,2453.37
2021-05-02 20:45:00,0.011011,0.01102,0.01098,0.0109959999999999,2923.43
2021-05-02 21:00:00,0.0109959999999999,0.011012,0.010975,0.0109909999999999,3211.33
2021-05-02 21:15:00,0.0109909999999999,0.011006,0.010986,0.010988,1939.92
2021-05-02 21:30:00,0.010988,0.01103,0.010987,0.010997,4781.64
2021-05-02 21:45:00,0.010998,0.011,0.010981,0.010997,2402.09
2021-05-02 22:00:00,0.010997,0.011039,0.010988,0.011039,2903.59
2021-05-02 22:15:00,0.011039,0.011043,0.0109959999999999,0.011023,3356.31
2021-05-02 22:30:00,0.011022,0.0110459999999999,0.011011,0.011025,3898.28
2021-05-02 22:45:00,0.0110239999999999,0.011031,0.0109719999999999,0.010989,3148.14
2021-05-02 23:00:00,0.010989,0.011023,0.010981,0.010983,3126.97
2021-05-02 23:15:00,0.010983,0.011023,0.010983,0.011021,2232.8
2021-05-02 23:30:00,0.011021,0.011045,0.011008,0.011026,2932.97
2021-05-02 23:45:00,0.011026,0.011035,0.011,0.011035,3812.4
2021-05-03 00:00:00,0.011035,0.011048,0.011021,0.011028,3404.6
2021-05-03 00:15:00,0.011028,0.011038,0.01102,0.011022,2486.33
2021-05-03 00:30:00,0.011022,0.011039,0.011012,0.011018,3219.0
2021-05-03 00:45:00,0.011016,0.011035,0.011003,0.011008,3259.87
2021-05-03 01:00:00,0.011008,0.0110099999999999,0.01098,0.010999,5696.72
2021-05-03 01:15:00,0.010999,0.011029,0.010965,0.010967,6083.18
2021-05-03 01:30:00,0.010965,0.010975,0.010952,0.010969,5304.6
2021-05-03 01:45:00,0.010969,0.010988,0.010955,0.0109819999999999,2811.52
2021-05-03 02:00:00,0.010981,0.011018,0.010965,0.01099,3766.92
2021-05-03 02:15:00,0.010989,0.011001,0.01094,0.010969,6128.61
2021-05-03 02:30:00,0.010969,0.010973,0.010934,0.01096,6580.3
2021-05-03 02:45:00,0.010959,0.0109819999999999,0.010955,0.010975,4127.07
2021-05-03 03:00:00,0.010974,0.011008,0.010966,0.010999,5084.25
2021-05-03 03:15:00,0.010999,0.011011,0.010987,0.010994,5489.73
2021-05-03 03:30:00,0.010994,0.011007,0.010971,0.011004,4253.57
2021-05-03 03:45:00,0.011004,0.011013,0.010988,0.010988,4215.6
2021-05-03 04:00:00,0.010989,0.011009,0.0109819999999999,0.010988,7669.46
2021-05-03 04:15:00,0.010988,0.010995,0.01093,0.010943,6912.81
2021-05-03 04:30:00,0.010943,0.01095,0.010902,0.010931,5748.72
2021-05-03 04:45:00,0.010929,0.010955,0.010902,0.010944,7287.17
2021-05-03 05:00:00,0.010943,0.010955,0.010878,0.010908,4870.34
2021-05-03 05:15:00,0.010909,0.010923,0.010838,0.010843,8655.12
2021-05-03 05:30:00,0.010845,0.010849,0.010756,0.010781,10973.41
2021-05-03 05:45:00,0.010783,0.010883,0.010781,0.010877,8650.17
2021-05-03 06:00:00,0.010877,0.010877,0.010836,0.010843,6736.45
2021-05-03 06:15:00,0.010843,0.010853,0.01079,0.010797,6428.96
2021-05-03 06:30:00,0.010797,0.010838,0.010778,0.01078,6883.04
2021-05-03 06:45:00,0.01078,0.010805,0.010767,0.010796,4699.9
2021-05-03 07:00:00,0.010797,0.010799,0.010728,0.010763,5555.66
2021-05-03 07:15:00,0.010763,0.01077,0.01072,0.0107459999999999,7463.81
2021-05-03 07:30:00,0.010742,0.010801,0.010738,0.0107879999999999,7130.17
2021-05-03 07:45:00,0.010786,0.010825,0.010764,0.01079,7935.76
2021-05-03 08:00:00,0.010789,0.010796,0.010754,0.010775,4876.3
2021-05-03 08:15:00,0.010772,0.010818,0.010761,0.010814,2464.55
2021-05-03 08:30:00,0.010812,0.01085,0.0108,0.010804,4738.12
2021-05-03 08:45:00,0.010804,0.010813,0.010798,0.0108019999999999,3716.32
2021-05-03 09:00:00,0.0108019999999999,0.0108069999999999,0.0107689999999999,0.010783,3862.33
2021-05-03 09:15:00,0.010783,0.010844,0.0107739999999999,0.010839,3417.55
2021-05-03 09:30:00,0.010839,0.010846,0.0108,0.010808,4259.07
2021-05-03 09:45:00,0.01081,0.010876,0.010804,0.01087,8543.59
2021-05-03 10:00:00,0.010872,0.010877,0.010839,0.010847,5226.46
2021-05-03 10:15:00,0.010847,0.010915,0.010844,0.010892,4599.64
2021-05-03 10:30:00,0.010894,0.0109719999999999,0.01089,0.010962,8765.85
2021-05-03 10:45:00,0.010962,0.010969,0.010929,0.010955,9139.58
2021-05-03 11:00:00,0.010955,0.010957,0.010903,0.010926,4014.16
2021-05-03 11:15:00,0.010926,0.01094,0.010883,0.010883,5109.95
2021-05-03 11:30:00,0.010883,0.01089,0.010804,0.010863,7536.41
2021-05-03 11:45:00,0.010862,0.010875,0.0108069999999999,0.010816,6997.72
2021-05-03 12:00:00,0.010817,0.010862,0.010805,0.010835,6670.57
2021-05-03 12:15:00,0.010832,0.01085,0.010779,0.010787,5085.98
2021-05-03 12:30:00,0.010786,0.010811,0.01072,0.010809,7504.23
2021-05-03 12:45:00,0.010809,0.01082,0.010786,0.010794,6263.58
2021-05-03 13:00:00,0.010794,0.010829,0.010785,0.010824,4919.48
2021-05-03 13:15:00,0.010825,0.010862,0.010822,0.010851,7485.49
2021-05-03 13:30:00,0.01085,0.010851,0.01081,0.0108209999999999,3161.02
2021-05-03 13:45:00,0.010817,0.010824,0.010805,0.010814,5345.82
2021-05-03 14:00:00,0.010815,0.010841,0.010796,0.010804,4670.45
2021-05-03 14:15:00,0.010806,0.01084,0.010799,0.010829,5395.6
2021-05-03 14:30:00,0.010829,0.010851,0.010826,0.01083,4459.94
2021-05-03 14:45:00,0.01083,0.01086,0.01083,0.010851,7339.18
2021-05-03 15:00:00,0.01085,0.010905,0.010828,0.010902,5995.9
2021-05-03 15:15:00,0.010903,0.011037,0.010868,0.011022,16214.16
2021-05-03 15:30:00,0.011023,0.0110689999999999,0.0109719999999999,0.011068,18355.59
2021-05-03 15:45:00,0.011068,0.011112,0.011037,0.011043,12768.64
2021-05-03 16:00:00,0.011043,0.01115,0.011043,0.01114,12748.05
2021-05-03 16:15:00,0.011136,0.011202,0.0111019999999999,0.011168,23377.63
2021-05-03 16:30:00,0.011168,0.0112,0.011101,0.011139,12550.52
2021-05-03 16:45:00,0.011137,0.011254,0.011128,0.011252,14275.0
2021-05-03 17:00:00,0.011249,0.011377,0.0112459999999999,0.011311,18019.04
2021-05-03 17:15:00,0.011312,0.011312,0.011214,0.011221,9292.24
2021-05-03 17:30:00,0.011222,0.011259,0.01117,0.011203,10236.35
2021-05-03 17:45:00,0.011203,0.011312,0.011156,0.011266,15799.73
2021-05-03 18:00:00,0.011265,0.011336,0.011255,0.011334,13470.88
2021-05-03 18:15:00,0.01133,0.011385,0.011329,0.011345,14365.73
2021-05-03 18:30:00,0.011346,0.0114489999999999,0.0113379999999999,0.0114,11971.89
2021-05-03 18:45:00,0.0114,0.011415,0.011361,0.011392,9060.88
2021-05-03 19:00:00,0.011391,0.0114849999999999,0.011378,0.011479,9573.6
2021-05-03 19:15:00,0.011478,0.011482,0.011424,0.01146,6572.69
2021-05-03 19:30:00,0.011461,0.0115,0.011412,0.011419,9936.97
2021-05-03 19:45:00,0.011422,0.01149,0.01141,0.01147,5112.28
2021-05-03 20:00:00,0.011472,0.0115,0.011446,0.011457,7822.71
2021-05-03 20:15:00,0.011458,0.011497,0.011453,0.011493,4379.21
2021-05-03 20:30:00,0.011492,0.011557,0.011477,0.011541,8133.33
2021-05-03 20:45:00,0.011541,0.011562,0.011508,0.011561,4894.63
2021-05-03 21:00:00,0.0115599999999999,0.011572,0.011487,0.011516,5939.35
2021-05-03 21:15:00,0.011516,0.011675,0.011514,0.011664,12179.11
2021-05-03 21:30:00,0.011664,0.011667,0.011609,0.011631,7682.75
2021-05-03 21:45:00,0.011629,0.011658,0.011595,0.011631,4448.42
2021-05-03 22:00:00,0.01163,0.011725,0.011606,0.011683,6158.75
2021-05-03 22:15:00,0.01169,0.011714,0.011641,0.011678,10298.9
2021-05-03 22:30:00,0.011678,0.011945,0.011677,0.011711,13945.34
2021-05-03 22:45:00,0.011711,0.011724,0.011664,0.011712,2760.83
2021-05-03 23:00:00,0.011708,0.011715,0.011592,0.01162,9205.3
2021-05-03 23:15:00,0.011615,0.01169,0.011614,0.011678,7286.76
2021-05-03 23:30:00,0.011679,0.011759,0.011675,0.011738,3869.26
2021-05-03 23:45:00,0.01174,0.011762,0.0117,0.011741,4292.96
2021-05-04 00:00:00,0.011743,0.011753,0.011696,0.011727,4867.83
2021-05-04 00:15:00,0.011727,0.0117349999999999,0.011674,0.011678,2304.83
2021-05-04 00:30:00,0.011674,0.011712,0.011629,0.01171,7809.79
2021-05-04 00:45:00,0.01171,0.011763,0.011694,0.011699,5502.43
2021-05-04 01:00:00,0.011698,0.011755,0.011672,0.0117019999999999,4332.93
2021-05-04 01:15:00,0.0117019999999999,0.011729,0.011683,0.0117019999999999,3526.29
2021-05-04 01:30:00,0.011703,0.011768,0.0117,0.011759,3335.22
2021-05-04 01:45:00,0.011758,0.011774,0.011728,0.011765,2963.76
2021-05-04 02:00:00,0.011765,0.011779,0.01174,0.011754,2872.88
2021-05-04 02:15:00,0.011752,0.01176,0.011686,0.011708,3632.4
2021-05-04 02:30:00,0.011709,0.0117349999999999,0.011686,0.011733,3540.41
2021-05-04 02:45:00,0.011733,0.011761,0.011729,0.011759,3141.59
2021-05-04 03:00:00,0.011759,0.011777,0.011733,0.011746,3888.2
2021-05-04 03:15:00,0.011742,0.0117489999999999,0.0117,0.011726,2833.17
2021-05-04 03:30:00,0.011726,0.011764,0.0117069999999999,0.011751,4048.58
2021-05-04 03:45:00,0.011755,0.011844,0.011755,0.0118319999999999,6082.27
2021-05-04 04:00:00,0.011831,0.011857,0.011686,0.011747,10458.73
2021-05-04 04:15:00,0.011747,0.011784,0.0117,0.011712,5246.35
2021-05-04 04:30:00,0.011712,0.01174,0.011556,0.011612,9252.47
2021-05-04 04:45:00,0.011612,0.011659,0.011502,0.011641,26841.58
2021-05-04 05:00:00,0.011646,0.011773,0.01158,0.011767,20034.72
2021-05-04 05:15:00,0.011762,0.011807,0.011722,0.011759,8469.37
2021-05-04 05:30:00,0.011756,0.011771,0.011695,0.011708,5097.02
2021-05-04 05:45:00,0.011708,0.011741,0.011665,0.011669,5576.7
2021-05-04 06:00:00,0.011669,0.011712,0.011646,0.0117,4948.45
2021-05-04 06:15:00,0.0116969999999999,0.011699,0.011534,0.011539,6240.92
2021-05-04 06:30:00,0.01154,0.011562,0.011442,0.011459,13901.56
2021-05-04 06:45:00,0.011459,0.011475,0.011306,0.011368,15121.31
2021-05-04 07:00:00,0.011367,0.011424,0.011283,0.011378,11663.58
2021-05-04 07:15:00,0.011376,0.011456,0.0113569999999999,0.011455,3793.84
2021-05-04 07:30:00,0.011454,0.011479,0.011432,0.011461,7346.24
2021-05-04 07:45:00,0.011464,0.0115319999999999,0.011455,0.011522,14424.8
2021-05-04 08:00:00,0.011522,0.011641,0.01152,0.0116099999999999,19015.95
2021-05-04 08:15:00,0.0116099999999999,0.011669,0.011602,0.011652,10671.04
2021-05-04 08:30:00,0.011653,0.01167,0.0116099999999999,0.011625,4032.08
2021-05-04 08:45:00,0.011623,0.011694,0.0116099999999999,0.0116879999999999,4763.21
2021-05-04 09:00:00,0.0116879999999999,0.011727,0.01167,0.01172,4510.49
2021-05-04 09:15:00,0.01172,0.011752,0.011678,0.011693,4575.24
2021-05-04 09:30:00,0.011695,0.0117349999999999,0.011673,0.011678,2750.8
2021-05-04 09:45:00,0.011678,0.011823,0.011672,0.011822,5125.62
2021-05-04 10:00:00,0.01182,0.01188,0.011792,0.011847,8948.46
2021-05-04 10:15:00,0.011847,0.011875,0.011822,0.0118459999999999,2819.91
2021-05-04 10:30:00,0.011847,0.011873,0.011802,0.011817,2009.63
2021-05-04 10:45:00,0.011818,0.011844,0.011759,0.011795,3070.99
2021-05-04 11:00:00,0.011795,0.011843,0.011774,0.0118129999999999,3849.62
2021-05-04 11:15:00,0.0118129999999999,0.0118129999999999,0.011748,0.011763,3676.26
2021-05-04 11:30:00,0.011764,0.011774,0.011714,0.011728,3356.0
2021-05-04 11:45:00,0.011724,0.011752,0.011684,0.01169,5085.86
2021-05-04 12:00:00,0.0116969999999999,0.011732,0.011615,0.011635,6363.22
2021-05-04 12:15:00,0.01164,0.011693,0.011597,0.011622,5682.03
2021-05-04 12:30:00,0.011623,0.011632,0.011522,0.011539,5312.71
2021-05-04 12:45:00,0.011533,0.011618,0.01153,0.011613,3834.64
2021-05-04 13:00:00,0.011617,0.0117,0.011611,0.011684,6157.25
2021-05-04 13:15:00,0.011682,0.0116879999999999,0.01164,0.011659,3676.75
2021-05-04 13:30:00,0.0116569999999999,0.01169,0.011646,0.011689,2114.93
2021-05-04 13:45:00,0.011689,0.011713,0.011547,0.011565,22034.92
2021-05-04 14:00:00,0.011562,0.0115959999999999,0.011529,0.011585,11762.32
2021-05-04 14:15:00,0.0115859999999999,0.011642,0.011583,0.011627,4740.02
2021-05-04 14:30:00,0.011627,0.011669,0.0115819999999999,0.011652,3053.92
2021-05-04 14:45:00,0.011652,0.011691,0.011645,0.011684,2993.3
2021-05-04 15:00:00,0.011684,0.0116879999999999,0.011616,0.011647,3085.28
2021-05-04 15:15:00,0.011647,0.011687,0.011613,0.011629,6371.94
2021-05-04 15:30:00,0.01163,0.011682,0.0116189999999999,0.011669,6599.46
2021-05-04 15:45:00,0.011669,0.011678,0.0116239999999999,0.011628,4391.19
2021-05-04 16:00:00,0.011628,0.011629,0.011566,0.011588,6602.37
2021-05-04 16:15:00,0.011588,0.011632,0.011548,0.011549,5858.76
2021-05-04 16:30:00,0.011549,0.011615,0.011538,0.0115819999999999,4069.62
2021-05-04 16:45:00,0.0115819999999999,0.011612,0.011537,0.0115769999999999,4331.13
2021-05-04 17:00:00,0.0115769999999999,0.011579,0.011512,0.011529,5665.88
2021-05-04 17:15:00,0.011529,0.011535,0.011489,0.011497,4714.16
2021-05-04 17:30:00,0.011498,0.011523,0.011456,0.011493,6692.89
2021-05-04 17:45:00,0.011493,0.0116,0.0114349999999999,0.011561,8712.88
2021-05-04 18:00:00,0.011561,0.0115769999999999,0.011464,0.011501,6563.22
2021-05-04 18:15:00,0.011501,0.011536,0.011469,0.0115,7116.55
2021-05-04 18:30:00,0.0115,0.011508,0.011262,0.011335,25985.42
2021-05-04 18:45:00,0.011334,0.0114159999999999,0.011312,0.011358,8748.55
2021-05-04 19:00:00,0.011352,0.011399,0.0113,0.011333,10881.78
2021-05-04 19:15:00,0.011332,0.011461,0.0113,0.011455,14992.95
2021-05-04 19:30:00,0.011458,0.011508,0.0114,0.011456,7696.75
2021-05-04 19:45:00,0.011455,0.01146,0.011367,0.01139,5733.59
2021-05-04 20:00:00,0.01139,0.0114709999999999,0.011331,0.011458,7791.79
2021-05-04 20:15:00,0.011458,0.011468,0.011377,0.0114069999999999,7237.82
2021-05-04 20:30:00,0.011406,0.011454,0.01137,0.011375,4936.89
2021-05-04 20:45:00,0.011373,0.011438,0.0113569999999999,0.011412,6035.38
2021-05-04 21:00:00,0.011413,0.011464,0.011387,0.011456,3905.47
2021-05-04 21:15:00,0.011458,0.011476,0.011429,0.011452,2279.03
2021-05-04 21:30:00,0.011453,0.011559,0.01144,0.011537,5174.49
2021-05-04 21:45:00,0.011543,0.011551,0.011507,0.011534,4041.97
2021-05-04 22:00:00,0.011534,0.011561,0.011481,0.011555,3397.82
2021-05-04 22:15:00,0.011556,0.011579,0.011541,0.011558,3038.09
2021-05-04 22:30:00,0.011554,0.011574,0.011522,0.011544,3319.32
2021-05-04 22:45:00,0.011547,0.011601,0.011545,0.011588,7214.01
2021-05-04 23:00:00,0.011587,0.011599,0.011528,0.0115459999999999,3894.15
2021-05-04 23:15:00,0.011553,0.011563,0.011501,0.011529,2054.75
2021-05-04 23:30:00,0.01153,0.011568,0.011509,0.01155,2909.77
2021-05-04 23:45:00,0.01155,0.01158,0.01154,0.011564,2059.21
2021-05-05 00:00:00,0.011565,0.011607,0.011556,0.011579,2483.12
2021-05-05 00:15:00,0.011579,0.011588,0.011525,0.011525,3335.25
2021-05-05 00:30:00,0.011535,0.011558,0.0115,0.011522,2820.07
2021-05-05 00:45:00,0.011521,0.011536,0.011486,0.011511,2808.11
2021-05-05 01:00:00,0.011512,0.011534,0.011473,0.011519,2144.55
2021-05-05 01:15:00,0.011519,0.011529,0.011483,0.011505,1758.66
2021-05-05 01:30:00,0.011504,0.011518,0.011468,0.011495,2214.49
2021-05-05 01:45:00,0.011496,0.011505,0.011468,0.011489,1416.23
2021-05-05 02:00:00,0.011488,0.0115129999999999,0.011438,0.011463,4470.75
2021-05-05 02:15:00,0.01146,0.011477,0.011401,0.011404,3527.73
2021-05-05 02:30:00,0.01141,0.011438,0.011391,0.011427,3684.22
2021-05-05 02:45:00,0.011427,0.011458,0.011406,0.011458,1929.44
2021-05-05 03:00:00,0.011456,0.0114799999999999,0.011419,0.011475,2067.48
2021-05-05 03:15:00,0.011475,0.011489,0.011451,0.011461,1990.16
2021-05-05 03:30:00,0.011461,0.011483,0.011412,0.01143,3586.95
2021-05-05 03:45:00,0.01143,0.011462,0.011409,0.011454,4685.06
2021-05-05 04:00:00,0.011452,0.011516,0.01142,0.011497,8202.35
2021-05-05 04:15:00,0.011497,0.011537,0.011478,0.011517,7291.44
2021-05-05 04:30:00,0.011518,0.011548,0.0114709999999999,0.011506,11058.85
2021-05-05 04:45:00,0.011505,0.011511,0.01146,0.011502,7741.43
2021-05-05 05:00:00,0.011502,0.011565,0.0114799999999999,0.011493,7308.98
2021-05-05 05:15:00,0.011492,0.011526,0.011467,0.0114849999999999,6635.34
2021-05-05 05:30:00,0.011481,0.01155,0.011451,0.011547,6568.49
2021-05-05 05:45:00,0.011542,0.011584,0.011525,0.011579,6913.17
2021-05-05 06:00:00,0.01158,0.0116,0.011495,0.0115,10452.63
2021-05-05 06:15:00,0.011505,0.011536,0.011493,0.0115129999999999,6125.53
2021-05-05 06:30:00,0.011512,0.011522,0.011491,0.011502,5086.15
2021-05-05 06:45:00,0.011501,0.011534,0.011484,0.011524,6522.89
2021-05-05 07:00:00,0.011524,0.011559,0.011511,0.011524,7961.49
2021-05-05 07:15:00,0.011524,0.011529,0.011444,0.011451,7944.91
2021-05-05 07:30:00,0.0114489999999999,0.01146,0.011345,0.011408,14805.51
2021-05-05 07:45:00,0.011409,0.011463,0.0113879999999999,0.011452,8382.75
2021-05-05 08:00:00,0.011458,0.011468,0.011428,0.011438,6701.92
2021-05-05 08:15:00,0.011433,0.01144,0.011354,0.011363,7471.4
2021-05-05 08:30:00,0.011369,0.0114069999999999,0.011345,0.011401,7882.79
2021-05-05 08:45:00,0.0114,0.01142,0.0114,0.011419,7371.85
2021-05-05 09:00:00,0.0114209999999999,0.011478,0.011401,0.011447,8220.3
2021-05-05 09:15:00,0.0114489999999999,0.011508,0.011445,0.011505,3519.58
2021-05-05 09:30:00,0.011504,0.011528,0.011465,0.011526,5463.63
2021-05-05 09:45:00,0.0115269999999999,0.01153,0.011475,0.0115269999999999,4315.04
2021-05-05 10:00:00,0.0115269999999999,0.011529,0.011476,0.011484,4506.74
2021-05-05 10:15:00,0.011483,0.01154,0.011478,0.011535,4439.04
2021-05-05 10:30:00,0.011535,0.011543,0.011507,0.011518,8721.49
2021-05-05 10:45:00,0.011518,0.01155,0.011502,0.011548,7893.08
2021-05-05 11:00:00,0.011547,0.011565,0.011503,0.011541,4513.39
2021-05-05 11:15:00,0.011542,0.0116239999999999,0.011533,0.011607,8597.72
2021-05-05 11:30:00,0.011606,0.011715,0.011606,0.011673,10527.19
2021-05-05 11:45:00,0.011675,0.011724,0.011616,0.011715,11989.84
2021-05-05 12:00:00,0.011715,0.01175,0.011647,0.011662,10388.45
2021-05-05 12:15:00,0.011661,0.0117159999999999,0.011656,0.011699,5541.49
2021-05-05 12:30:00,0.0117,0.011746,0.011673,0.011727,9179.12
2021-05-05 12:45:00,0.011728,0.011734,0.011649,0.011661,6586.2
2021-05-05 13:00:00,0.011661,0.01174,0.0116569999999999,0.011682,7489.5
2021-05-05 13:15:00,0.011684,0.011761,0.01168,0.01172,7116.92
2021-05-05 13:30:00,0.011717,0.011752,0.0117019999999999,0.0117489999999999,4279.22
2021-05-05 13:45:00,0.0117489999999999,0.011764,0.011717,0.0117209999999999,6687.71
2021-05-05 14:00:00,0.01172,0.011811,0.011714,0.01179,9168.28
2021-05-05 14:15:00,0.011791,0.011795,0.011705,0.01172,6012.24
2021-05-05 14:30:00,0.011719,0.011737,0.011687,0.0117159999999999,3567.92
2021-05-05 14:45:00,0.011717,0.011734,0.011637,0.011734,4914.75
2021-05-05 15:00:00,0.011733,0.01178,0.011711,0.011754,5606.57
2021-05-05 15:15:00,0.011754,0.011756,0.011654,0.01167,5512.63
2021-05-05 15:30:00,0.011665,0.011706,0.011647,0.011674,5290.32
2021-05-05 15:45:00,0.011675,0.011692,0.011637,0.011665,6815.79
2021-05-05 16:00:00,0.011664,0.011732,0.011641,0.0117209999999999,5655.4
2021-05-05 16:15:00,0.0117209999999999,0.011742,0.011691,0.01171,6009.46
2021-05-05 16:30:00,0.01171,0.01174,0.011686,0.011726,3811.06
2021-05-05 16:45:00,0.011727,0.011736,0.01169,0.0117159999999999,4063.94
2021-05-05 17:00:00,0.0117159999999999,0.01175,0.011703,0.011733,5089.43
2021-05-05 17:15:00,0.011733,0.011743,0.011654,0.011658,5792.78
2021-05-05 17:30:00,0.0116569999999999,0.011661,0.011606,0.011626,7168.14
2021-05-05 17:45:00,0.011626,0.011689,0.0116189999999999,0.011656,4987.47
2021-05-05 18:00:00,0.011655,0.0116709999999999,0.011599,0.011635,8591.03
2021-05-05 18:15:00,0.011633,0.0116379999999999,0.01155,0.011562,6280.96
2021-05-05 18:30:00,0.011562,0.011604,0.011555,0.011557,4411.99
2021-05-05 18:45:00,0.011557,0.011561,0.011429,0.011437,9980.57
2021-05-05 19:00:00,0.011434,0.011436,0.011337,0.011362,15203.45
2021-05-05 19:15:00,0.011363,0.011364,0.011294,0.011336,12026.13
2021-05-05 19:30:00,0.011337,0.011372,0.011299,0.011314,7368.56
2021-05-05 19:45:00,0.011314,0.011328,0.011217,0.011217,10195.88
2021-05-05 20:00:00,0.011218,0.011219,0.010869,0.011178,56561.16
2021-05-05 20:15:00,0.011179,0.011292,0.011127,0.011276,8171.07
2021-05-05 20:30:00,0.011275,0.011293,0.011248,0.011264,5628.52
2021-05-05 20:45:00,0.011264,0.011312,0.011252,0.0113,5048.65
2021-05-05 21:00:00,0.011299,0.011312,0.011237,0.011251,7437.97
2021-05-05 21:15:00,0.011253,0.011276,0.01119,0.011222,4477.23
2021-05-05 21:30:00,0.011223,0.011254,0.01119,0.011252,4892.42
2021-05-05 21:45:00,0.011251,0.011256,0.011214,0.011229,4248.56
2021-05-05 22:00:00,0.011229,0.011294,0.011214,0.011273,13091.41
2021-05-05 22:15:00,0.011273,0.011302,0.011269,0.011293,7036.14
2021-05-05 22:30:00,0.011293,0.0113049999999999,0.011267,0.011284,4372.57
2021-05-05 22:45:00,0.011285,0.011301,0.011255,0.011269,6477.61
2021-05-05 23:00:00,0.011265,0.0112819999999999,0.011234,0.011249,6851.73
2021-05-05 23:15:00,0.011249,0.011295,0.0112319999999999,0.0112769999999999,4852.48
2021-05-05 23:30:00,0.0112769999999999,0.011335,0.0112769999999999,0.011313,5314.99
2021-05-05 23:45:00,0.011317,0.011379,0.011314,0.011373,5830.51
2021-05-06 00:00:00,0.011373,0.011386,0.011301,0.011302,5694.77
2021-05-06 00:15:00,0.011302,0.011351,0.011283,0.011301,7638.92
2021-05-06 00:30:00,0.011301,0.01134,0.011298,0.011315,6002.62
2021-05-06 00:45:00,0.01132,0.011336,0.0113,0.011318,4664.59
2021-05-06 01:00:00,0.01132,0.011331,0.0112909999999999,0.011316,7155.69
2021-05-06 01:15:00,0.011312,0.01134,0.011306,0.01133,8942.48
2021-05-06 01:30:00,0.011332,0.011361,0.011312,0.011344,7671.33
2021-05-06 01:45:00,0.011344,0.011376,0.011323,0.0113569999999999,5841.56
2021-05-06 02:00:00,0.0113569999999999,0.011358,0.011323,0.011327,5706.4
2021-05-06 02:15:00,0.011332,0.011337,0.0112909999999999,0.011295,7817.93
2021-05-06 02:30:00,0.011298,0.011332,0.011286,0.011307,6636.57
2021-05-06 02:45:00,0.011309,0.01139,0.011295,0.011385,10398.27
2021-05-06 03:00:00,0.011386,0.011386,0.011326,0.011333,6124.36
2021-05-06 03:15:00,0.011332,0.011399,0.011315,0.011397,7317.96
2021-05-06 03:30:00,0.011397,0.011429,0.01137,0.011395,6863.8
2021-05-06 03:45:00,0.011398,0.011401,0.011337,0.01134,6323.46
2021-05-06 04:00:00,0.0113379999999999,0.011364,0.011299,0.0113,8893.35
2021-05-06 04:15:00,0.011299,0.0113239999999999,0.011129,0.011226,16692.6
2021-05-06 04:30:00,0.011226,0.011231,0.011176,0.011204,9605.54
2021-05-06 04:45:00,0.0112,0.011223,0.0111799999999999,0.01121,7972.51
2021-05-06 05:00:00,0.011208,0.011215,0.011141,0.011187,10056.08
2021-05-06 05:15:00,0.011187,0.01123,0.011182,0.011227,6436.91
2021-05-06 05:30:00,0.011228,0.011255,0.011207,0.011255,6152.6
2021-05-06 05:45:00,0.011254,0.01127,0.011237,0.011262,5177.97
2021-05-06 06:00:00,0.011264,0.011264,0.011224,0.011237,4966.11
2021-05-06 06:15:00,0.011237,0.011262,0.011227,0.011249,4794.93
2021-05-06 06:30:00,0.011249,0.011303,0.011249,0.011303,7076.69
2021-05-06 06:45:00,0.011303,0.0113099999999999,0.01128,0.011308,6595.07
2021-05-06 07:00:00,0.011308,0.011314,0.01129,0.011304,4269.95
2021-05-06 07:15:00,0.0113049999999999,0.0113099999999999,0.01128,0.0112959999999999,5562.54
2021-05-06 07:30:00,0.011295,0.0113049999999999,0.0112719999999999,0.011289,4681.15
2021-05-06 07:45:00,0.011292,0.011318,0.011285,0.011297,5615.42
2021-05-06 08:00:00,0.011299,0.011312,0.011285,0.011297,4844.12
2021-05-06 08:15:00,0.011297,0.011312,0.011236,0.011241,5607.03
2021-05-06 08:30:00,0.01124,0.011257,0.011227,0.0112459999999999,7152.41
2021-05-06 08:45:00,0.0112459999999999,0.011269,0.011234,0.011255,6013.73
2021-05-06 09:00:00,0.011255,0.0113239999999999,0.011249,0.011323,5716.16
2021-05-06 09:15:00,0.011323,0.011335,0.011307,0.0113099999999999,5408.12
2021-05-06 09:30:00,0.011308,0.011311,0.011273,0.011306,5795.69
2021-05-06 09:45:00,0.011306,0.011319,0.011262,0.011274,5342.92
2021-05-06 10:00:00,0.011273,0.011299,0.011259,0.011283,6390.16
2021-05-06 10:15:00,0.011283,0.011325,0.011281,0.011295,5099.82
2021-05-06 10:30:00,0.011294,0.011302,0.011256,0.0112719999999999,4115.12
2021-05-06 10:45:00,0.0112719999999999,0.0112719999999999,0.01123,0.011242,6828.16
2021-05-06 11:00:00,0.011241,0.011265,0.011222,0.011257,7906.47
2021-05-06 11:15:00,0.011258,0.011279,0.011235,0.011276,6278.22
2021-05-06 11:30:00,0.011276,0.011285,0.01125,0.011281,4463.0
2021-05-06 11:45:00,0.01128,0.011288,0.011254,0.011275,6483.53
2021-05-06 12:00:00,0.0112719999999999,0.011298,0.011262,0.0112909999999999,6817.9
2021-05-06 12:15:00,0.01129,0.011302,0.011254,0.011255,5147.33
2021-05-06 12:30:00,0.011255,0.011303,0.011249,0.0112959999999999,6079.97
2021-05-06 12:45:00,0.011297,0.011304,0.011261,0.011279,6793.85
2021-05-06 13:00:00,0.011278,0.011307,0.011268,0.011295,5473.31
2021-05-06 13:15:00,0.0112959999999999,0.011309,0.011265,0.011269,5644.03
2021-05-06 13:30:00,0.011269,0.0112819999999999,0.0112459999999999,0.011248,6515.93
2021-05-06 13:45:00,0.0112459999999999,0.011275,0.0112319999999999,0.011271,5823.54
2021-05-06 14:00:00,0.011275,0.011293,0.011186,0.0112,8343.95
2021-05-06 14:15:00,0.0112,0.011208,0.011132,0.011144,9177.48
2021-05-06 14:30:00,0.011144,0.01121,0.011133,0.01121,7984.03
2021-05-06 14:45:00,0.01121,0.0112319999999999,0.011191,0.011207,6642.01
2021-05-06 15:00:00,0.011207,0.011224,0.011201,0.011214,5855.49
2021-05-06 15:15:00,0.011215,0.011244,0.0112,0.011231,5937.14
2021-05-06 15:30:00,0.011229,0.011233,0.011165,0.011178,5435.87
2021-05-06 15:45:00,0.011174,0.01119,0.011165,0.011177,7487.88
2021-05-06 16:00:00,0.011172,0.011176,0.011139,0.011153,6042.46
2021-05-06 16:15:00,0.011155,0.011206,0.011149,0.011178,7503.02
2021-05-06 16:30:00,0.011177,0.01121,0.011172,0.011179,5253.17
2021-05-06 16:45:00,0.011178,0.0111989999999999,0.011151,0.011168,9257.09
2021-05-06 17:00:00,0.0111659999999999,0.011195,0.011151,0.011183,7064.97
2021-05-06 17:15:00,0.011182,0.011205,0.011174,0.011196,6036.57
2021-05-06 17:30:00,0.011195,0.011208,0.011173,0.011188,6245.0
2021-05-06 17:45:00,0.0111849999999999,0.011256,0.011176,0.0112459999999999,7974.3
2021-05-06 18:00:00,0.0112459999999999,0.011267,0.01122,0.01126,9564.5
2021-05-06 18:15:00,0.0112629999999999,0.011265,0.011211,0.011225,6437.21
2021-05-06 18:30:00,0.011228,0.011249,0.011216,0.011247,5319.42
2021-05-06 18:45:00,0.011247,0.011247,0.0112,0.011215,5312.81
2021-05-06 19:00:00,0.0112129999999999,0.011244,0.011207,0.011228,7775.42
2021-05-06 19:15:00,0.011227,0.01126,0.011212,0.011251,6148.27
2021-05-06 19:30:00,0.011251,0.011271,0.011218,0.011227,7031.83
2021-05-06 19:45:00,0.011226,0.011228,0.0111799999999999,0.011205,8761.21
2021-05-06 20:00:00,0.011204,0.011227,0.011181,0.011184,6565.94
2021-05-06 20:15:00,0.011184,0.011186,0.01109,0.0111209999999999,9527.4
2021-05-06 20:30:00,0.0111209999999999,0.0111659999999999,0.011118,0.011159,6108.29
2021-05-06 20:45:00,0.011158,0.011192,0.011148,0.011174,9193.53
2021-05-06 21:00:00,0.011175,0.011261,0.01117,0.011257,7392.28
2021-05-06 21:15:00,0.011257,0.0112719999999999,0.0111989999999999,0.0111989999999999,6678.22
2021-05-06 21:30:00,0.011204,0.011234,0.011198,0.011219,5799.68
2021-05-06 21:45:00,0.01122,0.011231,0.011184,0.011204,5536.83
2021-05-06 22:00:00,0.011207,0.01125,0.011187,0.011229,7075.41
2021-05-06 22:15:00,0.011229,0.011234,0.011142,0.011186,6027.83
2021-05-06 22:30:00,0.011187,0.011279,0.0111709999999999,0.011191,14932.02
2021-05-06 22:45:00,0.011191,0.0112769999999999,0.011075,0.011274,11801.52
2021-05-06 23:00:00,0.011274,0.011313,0.01123,0.0112459999999999,9299.05
2021-05-06 23:15:00,0.011243,0.011259,0.011215,0.011241,8096.08
2021-05-06 23:30:00,0.011244,0.0112719999999999,0.011236,0.011258,6164.61
2021-05-06 23:45:00,0.011262,0.0112819999999999,0.011218,0.011261,6536.99
2021-05-07 00:00:00,0.01126,0.011269,0.011209,0.011215,6414.07
2021-05-07 00:15:00,0.011215,0.011223,0.011187,0.011201,7335.51
2021-05-07 00:30:00,0.011201,0.01122,0.011186,0.011204,6832.32
2021-05-07 00:45:00,0.011205,0.01124,0.011178,0.011201,9395.0
2021-05-07 01:00:00,0.011202,0.011225,0.011192,0.011206,8793.68
2021-05-07 01:15:00,0.011205,0.011235,0.011177,0.011233,9260.43
2021-05-07 01:30:00,0.011234,0.011248,0.011223,0.011233,7878.01
2021-05-07 01:45:00,0.011231,0.01125,0.011198,0.011234,6379.19
2021-05-07 02:00:00,0.011234,0.0112719999999999,0.01122,0.011262,6369.5
2021-05-07 02:15:00,0.011261,0.011286,0.01123,0.011286,5473.98
2021-05-07 02:30:00,0.011286,0.011286,0.011226,0.011244,6744.74
2021-05-07 02:45:00,0.0112459999999999,0.011293,0.011222,0.011283,6914.31
2021-05-07 03:00:00,0.011284,0.011299,0.011264,0.01127,6367.23
2021-05-07 03:15:00,0.0112719999999999,0.011278,0.01123,0.011242,8245.19
2021-05-07 03:30:00,0.011242,0.011249,0.011201,0.011222,8910.24
2021-05-07 03:45:00,0.011223,0.011248,0.0112,0.011243,9167.49
2021-05-07 04:00:00,0.011242,0.011243,0.011152,0.011183,8483.22
2021-05-07 04:15:00,0.011183,0.011197,0.011119,0.011134,9187.22
2021-05-07 04:30:00,0.0111349999999999,0.011143,0.011092,0.011137,7944.47
2021-05-07 04:45:00,0.011138,0.011152,0.011103,0.011115,5294.42
2021-05-07 05:00:00,0.011115,0.011156,0.011114,0.011138,5705.52
2021-05-07 05:15:00,0.011136,0.011181,0.0111349999999999,0.011174,4635.74
2021-05-07 05:30:00,0.011173,0.0111989999999999,0.011162,0.011177,5484.56
2021-05-07 05:45:00,0.011178,0.011193,0.011124,0.0111349999999999,5194.26
2021-05-07 06:00:00,0.011134,0.011148,0.011106,0.01113,4890.63
2021-05-07 06:15:00,0.011129,0.011134,0.010998,0.011082,11162.26
2021-05-07 06:30:00,0.011084,0.011117,0.011029,0.011059,14763.66
2021-05-07 06:45:00,0.011062,0.011085,0.01103,0.011049,4165.22
2021-05-07 07:00:00,0.01105,0.011078,0.011012,0.011062,3564.01
2021-05-07 07:15:00,0.011068,0.011101,0.011052,0.011056,3128.05
2021-05-07 07:30:00,0.011056,0.011091,0.011043,0.0110739999999999,2772.8
2021-05-07 07:45:00,0.011077,0.011117,0.011073,0.011112,1805.83
2021-05-07 08:00:00,0.011106,0.01111,0.011067,0.011101,2541.74
2021-05-07 08:15:00,0.011099,0.011123,0.0110739999999999,0.011077,2463.61
2021-05-07 08:30:00,0.011081,0.0111069999999999,0.011051,0.01109,3817.36
2021-05-07 08:45:00,0.01109,0.011101,0.0110689999999999,0.011077,3623.12
2021-05-07 09:00:00,0.011078,0.011132,0.011068,0.011123,2486.78
2021-05-07 09:15:00,0.011123,0.011151,0.011114,0.011142,2007.42
2021-05-07 09:30:00,0.011138,0.01117,0.011127,0.0111569999999999,1826.61
2021-05-07 09:45:00,0.011155,0.011158,0.011127,0.01114,1834.58
2021-05-07 10:00:00,0.011139,0.011147,0.011112,0.011138,1974.87
2021-05-07 10:15:00,0.011132,0.011156,0.011123,0.011155,2225.83
2021-05-07 10:30:00,0.011155,0.011186,0.011145,0.011155,2284.82
2021-05-07 10:45:00,0.011155,0.01116,0.011109,0.011127,1814.85
2021-05-07 11:00:00,0.011122,0.011131,0.011061,0.011067,3045.88
2021-05-07 11:15:00,0.011068,0.01112,0.011062,0.011108,2948.15
2021-05-07 11:30:00,0.011109,0.011145,0.011109,0.01114,1805.11
2021-05-07 11:45:00,0.01114,0.011151,0.011114,0.0111349999999999,2198.59
2021-05-07 12:00:00,0.0111349999999999,0.011152,0.011099,0.011139,10118.55
2021-05-07 12:15:00,0.011138,0.011151,0.011111,0.011114,2683.16
2021-05-07 12:30:00,0.011115,0.011133,0.011104,0.011111,2563.6
2021-05-07 12:45:00,0.011112,0.011127,0.011091,0.011101,1922.29
2021-05-07 13:00:00,0.0111,0.011122,0.011086,0.0111209999999999,2912.07
2021-05-07 13:15:00,0.0111209999999999,0.011122,0.011072,0.0110879999999999,1962.66
2021-05-07 13:30:00,0.011089,0.0111069999999999,0.011065,0.011091,1861.59
2021-05-07 13:45:00,0.01109,0.011103,0.0110689999999999,0.011092,1594.67
2021-05-07 14:00:00,0.011091,0.011148,0.011052,0.011126,3825.96
2021-05-07 14:15:00,0.011125,0.011138,0.011095,0.011123,1771.76
2021-05-07 14:30:00,0.011124,0.011125,0.01105,0.011086,5958.43
2021-05-07 14:45:00,0.011085,0.011086,0.011037,0.011056,3466.25
2021-05-07 15:00:00,0.0110549999999999,0.011082,0.011037,0.011078,3166.06
2021-05-07 15:15:00,0.011076,0.0110879999999999,0.011039,0.011054,2718.03
2021-05-07 15:30:00,0.011054,0.0110879999999999,0.011039,0.011087,2011.81
2021-05-07 15:45:00,0.011086,0.011105,0.011066,0.0110689999999999,1755.58
2021-05-07 16:00:00,0.01107,0.011082,0.01105,0.011066,2722.48
2021-05-07 16:15:00,0.011066,0.011078,0.0110459999999999,0.0110599999999999,2348.72
2021-05-07 16:30:00,0.0110599999999999,0.011061,0.01095,0.010969,7394.63
2021-05-07 16:45:00,0.010968,0.010983,0.010939,0.010974,4333.17
2021-05-07 17:00:00,0.010976,0.011012,0.010965,0.01098,3433.28
2021-05-07 17:15:00,0.010983,0.01102,0.010969,0.011008,2023.97
2021-05-07 17:30:00,0.011008,0.011063,0.011005,0.01105,2946.07
2021-05-07 17:45:00,0.011052,0.01108,0.01105,0.011071,2929.49
2021-05-07 18:00:00,0.011071,0.01109,0.011044,0.011062,3560.18
2021-05-07 18:15:00,0.011063,0.01108,0.011054,0.0110689999999999,2110.12
2021-05-07 18:30:00,0.0110689999999999,0.011078,0.011045,0.011063,3425.43
2021-05-07 18:45:00,0.011064,0.0111349999999999,0.011058,0.011133,3273.32
2021-05-07 19:00:00,0.011132,0.011143,0.011054,0.011056,3717.07
2021-05-07 19:15:00,0.0110569999999999,0.0111,0.011052,0.011094,2791.44
2021-05-07 19:30:00,0.011095,0.011117,0.0110569999999999,0.011071,3097.93
2021-05-07 19:45:00,0.011071,0.011098,0.011053,0.0110569999999999,3823.58
2021-05-07 20:00:00,0.011056,0.011059,0.010976,0.0109909999999999,3588.88
2021-05-07 20:15:00,0.01099,0.011006,0.01097,0.010985,5240.98
2021-05-07 20:30:00,0.010986,0.0110099999999999,0.010969,0.010992,2949.46
2021-05-07 20:45:00,0.010992,0.010999,0.010942,0.010942,3037.24
2021-05-07 21:00:00,0.010943,0.010967,0.010895,0.0109579999999999,6802.89
2021-05-07 21:15:00,0.0109579999999999,0.011047,0.010952,0.011031,4231.92
2021-05-07 21:30:00,0.01103,0.011045,0.010992,0.011012,3655.4
2021-05-07 21:45:00,0.011013,0.01103,0.011006,0.011013,2474.57
2021-05-07 22:00:00,0.011014,0.011019,0.010957,0.010967,4042.55
2021-05-07 22:15:00,0.010968,0.010984,0.010939,0.010956,3337.26
2021-05-07 22:30:00,0.010956,0.0109629999999999,0.0109,0.0109629999999999,3253.46
2021-05-07 22:45:00,0.0109629999999999,0.010983,0.010942,0.010976,2166.93
2021-05-07 23:00:00,0.010975,0.010976,0.0109319999999999,0.010943,2590.69
2021-05-07 23:15:00,0.010943,0.010947,0.010877,0.01091,3733.44
2021-05-07 23:30:00,0.010908,0.010914,0.0108519999999999,0.010897,4508.21
2021-05-07 23:45:00,0.010898,0.0109,0.01086,0.010874,2825.43
2021-05-08 00:00:00,0.010873,0.010883,0.010836,0.010838,3481.81
2021-05-08 00:15:00,0.010837,0.0109,0.010836,0.010896,2101.55
2021-05-08 00:30:00,0.010896,0.010942,0.010874,0.010935,2240.98
2021-05-08 00:45:00,0.010934,0.010965,0.010919,0.010954,2053.95
2021-05-08 01:00:00,0.010953,0.010954,0.010867,0.010868,2332.14
2021-05-08 01:15:00,0.010869,0.010908,0.0108519999999999,0.010872,3086.35
2021-05-08 01:30:00,0.010873,0.010892,0.010845,0.01086,2760.91
2021-05-08 01:45:00,0.01086,0.010874,0.010834,0.010863,3267.83
2021-05-08 02:00:00,0.010862,0.01089,0.010839,0.010855,2339.37
2021-05-08 02:15:00,0.010856,0.010881,0.0108,0.010826,5310.74
2021-05-08 02:30:00,0.010825,0.0108609999999999,0.01079,0.010809,4734.21
2021-05-08 02:45:00,0.01081,0.010853,0.01079,0.010831,3806.45
2021-05-08 03:00:00,0.010833,0.010911,0.010817,0.010893,4053.59
2021-05-08 03:15:00,0.010893,0.010912,0.010875,0.010889,3260.28
2021-05-08 03:30:00,0.010889,0.010917,0.010884,0.010915,1992.45
2021-05-08 03:45:00,0.010915,0.010916,0.0108799999999999,0.01089,1777.54
2021-05-08 04:00:00,0.010892,0.010893,0.010832,0.010884,3570.48
2021-05-08 04:15:00,0.010887,0.0108989999999999,0.010873,0.010877,2720.9
2021-05-08 04:30:00,0.010876,0.010879,0.010833,0.0108709999999999,2330.22
2021-05-08 04:45:00,0.010872,0.010879,0.010841,0.010853,2296.97
2021-05-08 05:00:00,0.010854,0.010906,0.01085,0.010906,2798.26
2021-05-08 05:15:00,0.010905,0.010944,0.010903,0.010931,2168.4
2021-05-08 05:30:00,0.010931,0.010933,0.010878,0.0108849999999999,2621.59
2021-05-08 05:45:00,0.0108849999999999,0.010935,0.010884,0.010933,2507.2
2021-05-08 06:00:00,0.010933,0.010945,0.010893,0.010916,2415.66
2021-05-08 06:15:00,0.010917,0.010924,0.010894,0.010915,2313.99
2021-05-08 06:30:00,0.010916,0.010922,0.010867,0.010872,3996.17
2021-05-08 06:45:00,0.0108709999999999,0.0109,0.01083,0.010888,3508.47
2021-05-08 07:00:00,0.0108849999999999,0.010887,0.010831,0.010836,2988.65
2021-05-08 07:15:00,0.010837,0.010903,0.010837,0.010903,2549.15
2021-05-08 07:30:00,0.010903,0.010921,0.010862,0.010872,3144.01
2021-05-08 07:45:00,0.010873,0.010891,0.010865,0.010887,3107.26
2021-05-08 08:00:00,0.010887,0.010897,0.010862,0.01087,5195.43
2021-05-08 08:15:00,0.01087,0.010877,0.010792,0.010876,5711.9
2021-05-08 08:30:00,0.010877,0.010916,0.010867,0.0108989999999999,4107.86
2021-05-08 08:45:00,0.0109,0.010936,0.010877,0.010887,3584.17
2021-05-08 09:00:00,0.010887,0.010912,0.010862,0.010895,4189.41
2021-05-08 09:15:00,0.010896,0.010908,0.010859,0.0108709999999999,6417.13
2021-05-08 09:30:00,0.010874,0.010901,0.0108609999999999,0.010877,3397.44
2021-05-08 09:45:00,0.010879,0.010897,0.01086,0.01087,5240.14
2021-05-08 10:00:00,0.010873,0.010876,0.010829,0.010846,6560.87
2021-05-08 10:15:00,0.010846,0.010888,0.010842,0.010858,3567.67
2021-05-08 10:30:00,0.0108569999999999,0.010897,0.010846,0.010891,4022.29
2021-05-08 10:45:00,0.01089,0.010908,0.010853,0.010863,5529.85
2021-05-08 11:00:00,0.010863,0.010875,0.010825,0.010843,4600.17
2021-05-08 11:15:00,0.010852,0.010881,0.010831,0.010845,6763.32
2021-05-08 11:30:00,0.010842,0.010844,0.010801,0.010806,3609.51
2021-05-08 11:45:00,0.010812,0.010812,0.01074,0.010761,9332.09
2021-05-08 12:00:00,0.010761,0.010761,0.010706,0.010718,11039.15
2021-05-08 12:15:00,0.010719,0.010755,0.010663,0.010753,10548.79
2021-05-08 12:30:00,0.010754,0.010763,0.010681,0.010733,5890.65
2021-05-08 12:45:00,0.010741,0.010784,0.010721,0.010764,4855.75
2021-05-08 13:00:00,0.010763,0.010783,0.010745,0.010768,2962.38
2021-05-08 13:15:00,0.010769,0.01078,0.01073,0.01076,3303.55
2021-05-08 13:30:00,0.010759,0.010798,0.01075,0.010793,3194.74
2021-05-08 13:45:00,0.010794,0.010823,0.010782,0.010816,6384.58
2021-05-08 14:00:00,0.010815,0.010822,0.010788,0.01081,2617.32
2021-05-08 14:15:00,0.01081,0.010819,0.010773,0.010795,3634.59
2021-05-08 14:30:00,0.010795,0.010817,0.010762,0.010809,5047.86
2021-05-08 14:45:00,0.01081,0.010836,0.010773,0.010804,5017.17
2021-05-08 15:00:00,0.010804,0.010829,0.010784,0.010799,3365.04
2021-05-08 15:15:00,0.010799,0.010824,0.010786,0.010804,2469.55
2021-05-08 15:30:00,0.010804,0.010825,0.010773,0.01079,4277.45
2021-05-08 15:45:00,0.010789,0.010805,0.010755,0.01078,6756.07
2021-05-08 16:00:00,0.010779,0.010845,0.010775,0.010818,3712.18
2021-05-08 16:15:00,0.01082,0.010823,0.010758,0.010763,7151.57
2021-05-08 16:30:00,0.010763,0.010784,0.01074,0.01075,4454.63
2021-05-08 16:45:00,0.010748,0.010758,0.010703,0.010724,8002.46
2021-05-08 17:00:00,0.010723,0.01077,0.010701,0.010734,3824.68
2021-05-08 17:15:00,0.010736,0.010738,0.010652,0.010671,4928.21
2021-05-08 17:30:00,0.010671,0.01071,0.010651,0.010692,6997.17
2021-05-08 17:45:00,0.010694,0.010775,0.01064,0.010762,9418.64
2021-05-08 18:00:00,0.010761,0.010785,0.010744,0.010774,4221.52
2021-05-08 18:15:00,0.010773,0.010839,0.010765,0.010835,4179.57
2021-05-08 18:30:00,0.010836,0.010901,0.010819,0.010867,9879.99
2021-05-08 18:45:00,0.010867,0.010895,0.010816,0.010855,6268.47
2021-05-08 19:00:00,0.010857,0.010974,0.010847,0.010974,5807.12
2021-05-08 19:15:00,0.010974,0.011052,0.010972,0.011013,10383.9
2021-05-08 19:30:00,0.011014,0.01115,0.011002,0.011131,7302.72
2021-05-08 19:45:00,0.011118,0.011126,0.011035,0.0111,11788.15
2021-05-08 20:00:00,0.0111,0.011206,0.01109,0.01118,12841.15
2021-05-08 20:15:00,0.011185,0.011228,0.011143,0.011157,9338.17
2021-05-08 20:30:00,0.01116,0.011176,0.011133,0.011141,4460.99
2021-05-08 20:45:00,0.011138,0.011142,0.011045,0.011051,4967.8
2021-05-08 21:00:00,0.011051,0.011071,0.010972,0.010989,6378.06
2021-05-08 21:15:00,0.01099,0.01103,0.010984,0.01102,706.43
2021-05-08 21:30:00,0.011021,0.011025,0.011006,0.011023,493.23
2021-05-08 21:45:00,0.011053,0.011057,0.011028,0.011038,1841.44
2021-05-08 22:00:00,0.011019,0.01102,0.010975,0.010979,541.46
2021-05-08 22:15:00,0.010963,0.010971,0.010898,0.010962,4210.08
2021-05-08 22:30:00,0.010962,0.011002,0.010948,0.010969,4215.23
2021-05-08 22:45:00,0.010968,0.011025,0.010966,0.010997,2015.01
2021-05-08 23:00:00,0.011001,0.011093,0.010981,0.011065,5956.84
2021-05-08 23:15:00,0.011067,0.011131,0.011053,0.011054,4674.33
2021-05-08 23:30:00,0.011053,0.011067,0.011028,0.011036,1723.84
2021-05-08 23:45:00,0.011035,0.011081,0.011011,0.011077,2700.02
2021-05-09 00:00:00,0.011078,0.011097,0.011054,0.011083,1930.12
2021-05-09 00:15:00,0.011082,0.011089,0.010927,0.010929,3156.21
2021-05-09 00:30:00,0.010927,0.011004,0.010902,0.010996,4664.73
2021-05-09 00:45:00,0.010997,0.011016,0.010971,0.010983,1881.99
2021-05-09 01:00:00,0.010982,0.010997,0.01094,0.010976,3454.97
2021-05-09 01:15:00,0.010977,0.010997,0.010964,0.010979,3434.86
2021-05-09 01:30:00,0.010979,0.010995,0.010957,0.010969,2609.43
2021-05-09 01:45:00,0.010972,0.011004,0.01096,0.011003,2329.8
2021-05-09 02:00:00,0.011003,0.011025,0.010971,0.010978,2997.88
2021-05-09 02:15:00,0.010978,0.010987,0.010944,0.010978,2626.98
2021-05-09 02:30:00,0.010977,0.011015,0.010967,0.011013,2678.01
2021-05-09 02:45:00,0.011012,0.011018,0.010961,0.010968,2316.4
2021-05-09 03:00:00,0.010969,0.010976,0.010941,0.01095,1816.98
2021-05-09 03:15:00,0.010949,0.010979,0.010942,0.010973,1643.62
2021-05-09 03:30:00,0.010973,0.010995,0.010964,0.010994,1829.81
2021-05-09 03:45:00,0.010994,0.011015,0.010977,0.010978,3787.13
2021-05-09 04:00:00,0.010977,0.010983,0.010954,0.010956,3106.93
2021-05-09 04:15:00,0.010955,0.010955,0.010897,0.010911,3985.51
2021-05-09 04:30:00,0.010912,0.010953,0.010906,0.010925,2259.87
2021-05-09 04:45:00,0.010925,0.01094,0.010899,0.010929,4001.31
2021-05-09 05:00:00,0.010927,0.01098,0.010922,0.010968,2614.03
2021-05-09 05:15:00,0.010968,0.011033,0.010964,0.011006,5158.21
2021-05-09 05:30:00,0.011005,0.011012,0.01094,0.010947,6984.99
2021-05-09 05:45:00,0.010944,0.010952,0.010889,0.010939,5354.4
2021-05-09 06:00:00,0.01094,0.010945,0.010913,0.010916,5767.4
2021-05-09 06:15:00,0.010917,0.011006,0.010913,0.010996,6543.66
2021-05-09 06:30:00,0.010995,0.011046,0.010992,0.011044,3835.43
2021-05-09 06:45:00,0.011044,0.011051,0.011037,0.01104,725.71
2021-05-09 07:00:00,0.011058,0.011067,0.011049,0.011052,324.16
2021-05-09 07:15:00,0.011031,0.011065,0.011014,0.011053,4581.94
2021-05-09 07:30:00,0.011031,0.011038,0.011024,0.01103,808.16
2021-05-09 07:45:00,0.01104,0.01104,0.010942,0.010946,8615.25
2021-05-09 08:00:00,0.010945,0.010976,0.010899,0.010958,12347.95
2021-05-09 08:15:00,0.010958,0.010974,0.010882,0.010925,11671.1
2021-05-09 08:30:00,0.010923,0.011002,0.010916,0.010983,8934.66
2021-05-09 08:45:00,0.010984,0.011045,0.010983,0.011041,2783.84
2021-05-09 09:00:00,0.011041,0.011068,0.011007,0.011068,4558.2
2021-05-09 09:15:00,0.011068,0.01108,0.01104,0.011072,3923.53
2021-05-09 09:30:00,0.011071,0.011121,0.011067,0.011109,3338.85
2021-05-09 09:45:00,0.011109,0.011126,0.011043,0.011063,2461.23
2021-05-09 10:00:00,0.011062,0.011088,0.011053,0.011076,2974.7
2021-05-09 10:15:00,0.011077,0.011077,0.011066,0.011066,176.35
2021-05-09 10:30:00,0.011066,0.011129,0.011064,0.011102,3850.48
2021-05-09 10:45:00,0.011103,0.011115,0.01109,0.011103,1268.16
2021-05-09 11:00:00,0.011112,0.011113,0.011079,0.011109,1936.92
2021-05-09 11:15:00,0.011109,0.011139,0.011103,0.011134,3410.06
2021-05-09 11:30:00,0.011134,0.011142,0.01111,0.011126,3621.46
2021-05-09 11:45:00,0.011126,0.011145,0.011113,0.01113,2692.84
2021-05-09 12:00:00,0.011128,0.01116,0.011095,0.011145,4115.48
2021-05-09 12:15:00,0.011147,0.01118,0.01114,0.01117,3939.18
2021-05-09 12:30:00,0.011184,0.01128,0.011175,0.011248,11539.44
2021-05-09 12:45:00,0.011249,0.011503,0.011225,0.011394,22586.07
2021-05-09 13:00:00,0.011395,0.011617,0.011321,0.011559,34868.13
2021-05-09 13:15:00,0.01156,0.0118,0.011504,0.011646,34322.4
2021-05-09 13:30:00,0.011645,0.01175,0.011562,0.011655,21980.84
2021-05-09 13:45:00,0.011655,0.011704,0.011601,0.011619,16067.44
2021-05-09 14:00:00,0.01162,0.011642,0.011534,0.011559,10826.5
2021-05-09 14:15:00,0.01156,0.011583,0.011473,0.011569,7162.69
2021-05-09 14:30:00,0.011581,0.011629,0.011574,0.011605,7690.67
2021-05-09 14:45:00,0.011609,0.011691,0.011586,0.011682,7560.15
2021-05-09 15:00:00,0.011681,0.01172,0.011615,0.011618,12739.89
2021-05-09 15:15:00,0.011618,0.011618,0.011541,0.011557,6213.99
2021-05-09 15:30:00,0.011557,0.011584,0.0115,0.011562,5031.59
2021-05-09 15:45:00,0.011561,0.011583,0.011503,0.011551,10221.92
2021-05-09 16:00:00,0.011551,0.011568,0.011417,0.01154,12455.23
2021-05-09 16:15:00,0.011539,0.011604,0.011449,0.011471,12653.17
2021-05-09 16:30:00,0.011521,0.011564,0.011487,0.011555,5434.14
2021-05-09 16:45:00,0.011556,0.011562,0.011504,0.011557,7418.14
2021-05-09 17:00:00,0.011553,0.011598,0.011519,0.011526,8210.43
2021-05-09 17:15:00,0.011526,0.011553,0.011513,0.011533,4346.84
2021-05-09 17:30:00,0.011534,0.011549,0.011508,0.011526,3805.13
2021-05-09 17:45:00,0.011525,0.011576,0.011503,0.011575,3539.1
2021-05-09 18:00:00,0.011575,0.011584,0.011544,0.011576,3985.17
2021-05-09 18:15:00,0.011577,0.011621,0.011577,0.0116,3948.83
2021-05-09 18:30:00,0.0116,0.011617,0.011561,0.011596,3048.72
2021-05-09 18:45:00,0.011595,0.011648,0.011587,0.011633,3570.92
2021-05-09 19:00:00,0.011633,0.01167,0.011606,0.011666,3915.97
2021-05-09 19:15:00,0.011668,0.011674,0.011602,0.011606,4398.51
2021-05-09 19:30:00,0.011605,0.011616,0.011575,0.011601,2727.85
2021-05-09 19:45:00,0.011601,0.011651,0.0116,0.011602,2986.91
2021-05-09 20:00:00,0.011602,0.01161,0.011512,0.011529,5266.65
2021-05-09 20:15:00,0.011529,0.011532,0.011443,0.011466,6141.05
2021-05-09 20:30:00,0.011478,0.011528,0.011469,0.011517,2379.68
2021-05-09 20:45:00,0.011517,0.011589,0.011514,0.01155,3456.21
2021-05-09 21:00:00,0.011549,0.011561,0.011476,0.01151,4357.55
2021-05-09 21:15:00,0.011511,0.011518,0.011458,0.011458,3485.3
2021-05-09 21:30:00,0.011458,0.011497,0.011457,0.011493,3476.62
2021-05-09 21:45:00,0.011491,0.011524,0.011489,0.011518,1786.3
2021-05-09 22:00:00,0.011522,0.011529,0.011479,0.01149,1257.56
2021-05-09 22:15:00,0.011522,0.011541,0.011502,0.011539,2149.86
2021-05-09 22:30:00,0.01153,0.011557,0.011521,0.011539,2599.6
2021-05-09 22:45:00,0.011538,0.01155,0.011516,0.011541,3625.64
2021-05-09 23:00:00,0.011543,0.011551,0.011488,0.011497,3020.7
2021-05-09 23:15:00,0.011498,0.01151,0.011454,0.011505,6890.57
2021-05-09 23:30:00,0.011505,0.011523,0.011463,0.011481,2027.99
2021-05-09 23:45:00,0.01148,0.011521,0.011456,0.011504,1739.37
2021-05-10 00:00:00,0.011503,0.011504,0.01142,0.011422,2950.8
2021-05-10 00:15:00,0.011422,0.011446,0.011402,0.011442,3473.96
2021-05-10 00:30:00,0.011442,0.011483,0.011432,0.011471,2152.49
2021-05-10 00:45:00,0.01147,0.011478,0.011444,0.011445,1435.68
2021-05-10 01:00:00,0.011444,0.011482,0.011418,0.011449,4310.91
2021-05-10 01:15:00,0.011449,0.011513,0.011445,0.011494,2351.89
2021-05-10 01:30:00,0.011496,0.011504,0.011434,0.011437,2674.67
2021-05-10 01:45:00,0.01144,0.011443,0.01136,0.011385,4023.59
2021-05-10 02:00:00,0.011384,0.01142,0.011345,0.011415,3226.75
2021-05-10 02:15:00,0.011416,0.011416,0.011379,0.011398,1820.74
2021-05-10 02:30:00,0.011397,0.011399,0.011349,0.011358,2140.28
2021-05-10 02:45:00,0.011359,0.0114,0.011341,0.011399,2754.86
2021-05-10 03:00:00,0.0114,0.011431,0.011389,0.01141,3890.76
2021-05-10 03:15:00,0.011416,0.011416,0.01134,0.011345,1926.44
2021-05-10 03:30:00,0.011344,0.011406,0.01134,0.01137,2816.37
2021-05-10 03:45:00,0.01137,0.011385,0.011361,0.011367,1497.15
2021-05-10 04:00:00,0.011367,0.011427,0.011337,0.011419,3704.74
2021-05-10 04:15:00,0.01142,0.011484,0.011415,0.011482,5026.92
2021-05-10 04:30:00,0.011481,0.011584,0.011446,0.011568,13063.9
2021-05-10 04:45:00,0.011568,0.011648,0.01153,0.011598,12901.39
2021-05-10 05:00:00,0.011598,0.011621,0.011538,0.011588,6389.19
2021-05-10 05:15:00,0.011588,0.011663,0.011532,0.011557,9200.07
2021-05-10 05:30:00,0.011554,0.011562,0.011549,0.011556,32.28
2021-05-10 05:45:00,0.011568,0.011595,0.011532,0.011573,4958.04
2021-05-10 06:00:00,0.011573,0.011627,0.01154,0.011599,5632.82
2021-05-10 06:15:00,0.011597,0.011639,0.011579,0.011614,5974.66
2021-05-10 06:30:00,0.011615,0.011623,0.011513,0.011523,6685.16
2021-05-10 06:45:00,0.011523,0.011549,0.011475,0.011483,6874.15
2021-05-10 07:00:00,0.011484,0.011491,0.011378,0.011419,27149.85
2021-05-10 07:15:00,0.011419,0.011438,0.011299,0.01134,27614.56
2021-05-10 07:30:00,0.011336,0.011427,0.01133,0.011374,8557.62
2021-05-10 07:45:00,0.011373,0.011421,0.01137,0.011414,5462.83
2021-05-10 08:00:00,0.011415,0.011475,0.011384,0.01145,8085.78
2021-05-10 08:15:00,0.011449,0.011482,0.011448,0.011481,3657.39
2021-05-10 08:30:00,0.011482,0.011496,0.011426,0.011438,3902.15
2021-05-10 08:45:00,0.011438,0.011448,0.011411,0.011424,3464.84
2021-05-10 09:00:00,0.011425,0.01144,0.011391,0.01141,2884.58
2021-05-10 09:15:00,0.011409,0.011409,0.011385,0.011395,536.75
2021-05-10 09:30:00,0.011437,0.011463,0.01142,0.01144,3284.88
2021-05-10 09:45:00,0.01144,0.011449,0.01142,0.011432,2545.83
2021-05-10 10:00:00,0.011432,0.01149,0.011431,0.011485,2287.59
2021-05-10 10:15:00,0.011485,0.011516,0.011484,0.011507,1335.35
2021-05-10 10:30:00,0.011695,0.011705,0.011635,0.011651,5919.01
2021-05-10 10:45:00,0.01165,0.011658,0.011607,0.011631,3930.22
2021-05-10 11:00:00,0.011632,0.0117,0.011626,0.011653,13472.73
2021-05-10 11:15:00,0.011653,0.011682,0.011628,0.01164,3244.81
2021-05-10 11:30:00,0.01164,0.01165,0.011582,0.011623,3879.78
2021-05-10 11:45:00,0.011622,0.011647,0.01154,0.011611,9141.9
2021-05-10 12:00:00,0.011611,0.011631,0.01111,0.011592,18698.92
2021-05-10 12:15:00,0.011593,0.011642,0.011582,0.011641,3921.11
2021-05-10 12:30:00,0.011641,0.011648,0.011571,0.011584,3543.43
2021-05-10 12:45:00,0.011583,0.011605,0.011581,0.0116,2192.73
2021-05-10 13:00:00,0.0116,0.0116,0.011545,0.011548,3258.57
2021-05-10 13:15:00,0.011547,0.011565,0.011523,0.011528,3071.93
2021-05-10 13:30:00,0.01153,0.01156,0.0115,0.011546,7629.17
2021-05-10 13:45:00,0.011548,0.01156,0.011521,0.011551,6641.36
2021-05-10 14:00:00,0.011551,0.011565,0.0115,0.011518,6447.12
2021-05-10 14:15:00,0.011519,0.011531,0.01149,0.011519,1450.53
2021-05-10 14:30:00,0.011515,0.011531,0.011476,0.011499,3623.28
2021-05-10 14:45:00,0.011499,0.011505,0.011428,0.011476,5716.24
2021-05-10 15:00:00,0.01147,0.011512,0.011438,0.011458,3242.92
2021-05-10 15:15:00,0.011461,0.011477,0.0114,0.011465,7123.04
2021-05-10 15:30:00,0.011465,0.011505,0.01144,0.011471,4136.11
2021-05-10 15:45:00,0.011471,0.011475,0.011425,0.011443,3393.73
2021-05-10 16:00:00,0.011445,0.011505,0.011426,0.011503,3161.47
2021-05-10 16:15:00,0.011502,0.011535,0.011486,0.011521,3545.09
2021-05-10 16:30:00,0.011526,0.011533,0.011469,0.011505,3448.61
2021-05-10 16:45:00,0.011506,0.011534,0.01149,0.011508,4449.6
2021-05-10 17:00:00,0.011507,0.011547,0.011499,0.011513,3653.28
2021-05-10 17:15:00,0.011513,0.011532,0.011484,0.011497,2334.11
2021-05-10 17:30:00,0.0115,0.01154,0.01147,0.01151,3030.42
2021-05-10 17:45:00,0.01151,0.011521,0.011461,0.011466,2037.05
2021-05-10 18:00:00,0.011466,0.01152,0.011438,0.011517,3986.61
2021-05-10 18:15:00,0.011518,0.011529,0.011464,0.01147,6911.57
2021-05-10 18:30:00,0.011469,0.011508,0.011458,0.011485,2754.85
2021-05-10 18:45:00,0.011484,0.011493,0.011436,0.011459,4435.09
2021-05-10 19:00:00,0.011459,0.011517,0.011445,0.011503,5345.57
2021-05-10 19:15:00,0.011503,0.011535,0.011479,0.011529,3013.59
2021-05-10 19:30:00,0.01153,0.011541,0.011483,0.011518,5045.56
2021-05-10 19:45:00,0.01152,0.011523,0.011413,0.011415,5425.75
2021-05-10 20:00:00,0.011413,0.011482,0.01137,0.01144,4965.32
2021-05-10 20:15:00,0.011441,0.011487,0.011423,0.011486,2789.68
2021-05-10 20:30:00,0.011487,0.011517,0.011475,0.011516,2126.01
2021-05-10 20:45:00,0.011517,0.01152,0.011487,0.011504,3357.73
2021-05-10 21:00:00,0.011505,0.011574,0.011495,0.011572,3945.03
2021-05-10 21:15:00,0.011571,0.011595,0.011568,0.011589,3099.3
2021-05-10 21:30:00,0.01159,0.0116,0.011571,0.011587,3630.21
2021-05-10 21:45:00,0.011586,0.01162,0.011544,0.011607,4638.22
2021-05-10 22:00:00,0.011608,0.011631,0.011575,0.011608,3139.82
2021-05-10 22:15:00,0.011606,0.011639,0.011599,0.011626,2716.27
2021-05-10 22:30:00,0.011624,0.011638,0.011608,0.011618,2116.99
2021-05-10 22:45:00,0.011618,0.01169,0.011613,0.011628,3784.84
2021-05-10 23:00:00,0.011626,0.011655,0.011614,0.011614,2195.98
2021-05-10 23:15:00,0.011616,0.011647,0.01161,0.011642,2589.45
2021-05-10 23:30:00,0.011643,0.011648,0.011589,0.011619,6180.31
2021-05-10 23:45:00,0.011618,0.011647,0.011401,0.011487,15816.66
2021-05-11 00:00:00,0.011487,0.01151,0.010978,0.011261,46847.84
2021-05-11 00:15:00,0.011252,0.01146,0.011215,0.011409,20472.65
2021-05-11 00:30:00,0.011401,0.011416,0.011253,0.011292,15528.97
2021-05-11 00:45:00,0.011292,0.011366,0.011137,0.011366,11512.65
2021-05-11 01:00:00,0.011366,0.0114,0.011299,0.01137,5963.21
2021-05-11 01:15:00,0.011372,0.011475,0.011332,0.011465,5185.42
2021-05-11 01:30:00,0.011467,0.011493,0.011406,0.011486,6000.73
2021-05-11 01:45:00,0.011486,0.011555,0.011475,0.01155,5156.29
2021-05-11 02:00:00,0.011553,0.011555,0.011477,0.011494,4611.2
2021-05-11 02:15:00,0.011494,0.011495,0.011345,0.01141,6976.05
2021-05-11 02:30:00,0.01141,0.01142,0.011329,0.011358,4682.81
2021-05-11 02:45:00,0.011358,0.011422,0.011345,0.011411,4569.61
2021-05-11 03:00:00,0.011412,0.011412,0.011309,0.011341,4122.53
2021-05-11 03:15:00,0.011342,0.011385,0.011323,0.011355,2657.37
2021-05-11 03:30:00,0.011354,0.011375,0.011299,0.011335,6406.75
2021-05-11 03:45:00,0.011337,0.011378,0.011299,0.01131,2610.81
2021-05-11 04:00:00,0.01131,0.011452,0.011294,0.011402,5696.9
2021-05-11 04:15:00,0.011401,0.011437,0.011368,0.011385,8852.84
2021-05-11 04:30:00,0.011387,0.011398,0.011353,0.011373,3261.07
2021-05-11 04:45:00,0.011371,0.011391,0.011338,0.011343,4247.58
2021-05-11 05:00:00,0.011344,0.011355,0.011272,0.01131,6642.07
2021-05-11 05:15:00,0.011307,0.011331,0.011276,0.011286,4784.93
2021-05-11 05:30:00,0.011289,0.01147,0.011268,0.011458,9754.77
2021-05-11 05:45:00,0.011463,0.011511,0.011441,0.011506,6400.05
2021-05-11 06:00:00,0.011505,0.0116,0.011475,0.011593,8639.2
2021-05-11 06:15:00,0.011588,0.011621,0.011513,0.011614,8533.82
2021-05-11 06:30:00,0.011612,0.011616,0.011555,0.011593,7405.29
2021-05-11 06:45:00,0.011594,0.011607,0.011534,0.011551,9588.83
2021-05-11 07:00:00,0.011554,0.011592,0.011507,0.011515,6501.36
2021-05-11 07:15:00,0.011516,0.011534,0.011454,0.011473,6831.93
2021-05-11 07:30:00,0.011475,0.011541,0.011467,0.011501,9765.75
2021-05-11 07:45:00,0.011501,0.011516,0.011446,0.011479,4175.36
2021-05-11 08:00:00,0.011483,0.011509,0.011468,0.011507,1495.94
2021-05-11 08:15:00,0.011474,0.011499,0.011445,0.011499,4129.56
2021-05-11 08:30:00,0.011497,0.01155,0.011486,0.011543,6678.34
2021-05-11 08:45:00,0.011541,0.011631,0.011541,0.011627,5715.95
2021-05-11 09:00:00,0.011627,0.011631,0.011582,0.011614,6313.26
2021-05-11 09:15:00,0.011613,0.011672,0.011607,0.011657,11716.74
2021-05-11 09:30:00,0.011656,0.011656,0.011585,0.011607,5936.98
2021-05-11 09:45:00,0.01161,0.011744,0.011609,0.0117,9631.07
2021-05-11 10:00:00,0.0117,0.011744,0.011691,0.011727,5573.11
2021-05-11 10:15:00,0.011728,0.011733,0.011702,0.011711,5846.63
2021-05-11 10:30:00,0.011712,0.011727,0.011667,0.0117,4643.22
2021-05-11 10:45:00,0.0117,0.011721,0.011643,0.011655,7700.89
2021-05-11 11:00:00,0.01166,0.011711,0.011651,0.011688,4768.26
2021-05-11 11:15:00,0.01169,0.01173,0.011662,0.01171,10282.95
2021-05-11 11:30:00,0.011705,0.011726,0.01168,0.011688,4026.13
2021-05-11 11:45:00,0.01169,0.011768,0.011677,0.011749,7063.63
2021-05-11 12:00:00,0.011746,0.011771,0.011722,0.011735,6565.38
2021-05-11 12:15:00,0.011734,0.011735,0.011611,0.01165,8397.78
2021-05-11 12:30:00,0.01165,0.011729,0.01165,0.011687,6056.55
2021-05-11 12:45:00,0.011688,0.011728,0.011671,0.011715,4378.62
2021-05-11 13:00:00,0.011714,0.011774,0.01171,0.011765,5943.87
2021-05-11 13:15:00,0.011765,0.011784,0.011725,0.011783,5249.24
2021-05-11 13:30:00,0.011782,0.011791,0.011713,0.011764,6682.88
2021-05-11 13:45:00,0.011764,0.01183,0.011757,0.011784,8694.47
2021-05-11 14:00:00,0.011784,0.011849,0.011784,0.0118,6601.69
2021-05-11 14:15:00,0.011799,0.011846,0.011709,0.011726,14636.37
2021-05-11 14:30:00,0.011724,0.011861,0.011724,0.011791,6522.01
2021-05-11 14:45:00,0.011791,0.01186,0.01179,0.01183,5159.11
2021-05-11 15:00:00,0.011829,0.011898,0.011829,0.011897,6154.07
2021-05-11 15:15:00,0.011897,0.011928,0.011873,0.011892,9131.11
2021-05-11 15:30:00,0.011893,0.01191,0.01185,0.01186,5703.18
2021-05-11 15:45:00,0.011856,0.011876,0.011825,0.011859,6911.65
2021-05-11 16:00:00,0.011857,0.011905,0.011832,0.011891,5118.69
2021-05-11 16:15:00,0.011891,0.011897,0.011751,0.01177,7216.11
2021-05-11 16:30:00,0.011768,0.011797,0.011741,0.01179,7368.33
2021-05-11 16:45:00,0.011791,0.011863,0.011785,0.011859,8166.22
2021-05-11 17:00:00,0.011859,0.011878,0.011791,0.011791,6095.13
2021-05-11 17:15:00,0.011797,0.011857,0.011791,0.011793,6014.13
2021-05-11 17:30:00,0.011794,0.01189,0.011793,0.011851,6629.11
2021-05-11 17:45:00,0.011855,0.011884,0.011846,0.011855,4439.66
2021-05-11 18:00:00,0.011852,0.011856,0.011811,0.011825,4292.69
2021-05-11 18:15:00,0.011827,0.011872,0.011815,0.011848,4811.46
2021-05-11 18:30:00,0.011849,0.011855,0.011829,0.011843,3244.44
2021-05-11 18:45:00,0.011837,0.011859,0.01182,0.011826,4398.95
2021-05-11 19:00:00,0.011826,0.011865,0.011818,0.011847,3528.81
2021-05-11 19:15:00,0.011847,0.011879,0.011811,0.011845,4533.73
2021-05-11 19:30:00,0.011845,0.011888,0.011839,0.011882,4721.56
2021-05-11 19:45:00,0.011882,0.011929,0.011874,0.011916,5448.5
2021-05-11 20:00:00,0.011917,0.011925,0.011755,0.011816,9541.43
2021-05-11 20:15:00,0.011816,0.01183,0.011779,0.011806,4940.42
2021-05-11 20:30:00,0.011805,0.011812,0.01177,0.011794,5841.66
2021-05-11 20:45:00,0.011794,0.011813,0.011756,0.01181,4651.92
2021-05-11 21:00:00,0.011805,0.011806,0.011768,0.011793,4134.64
2021-05-11 21:15:00,0.011794,0.011799,0.011738,0.011745,3183.36
2021-05-11 21:30:00,0.011745,0.011776,0.011732,0.011742,2695.58
2021-05-11 21:45:00,0.011765,0.011783,0.011727,0.011745,4310.9
2021-05-11 22:00:00,0.011741,0.0118,0.011729,0.01176,4266.7
2021-05-11 22:15:00,0.011761,0.011846,0.011758,0.01177,6527.55
2021-05-11 22:30:00,0.011771,0.011891,0.011769,0.011825,4492.24
2021-05-11 22:45:00,0.011824,0.011848,0.011783,0.011815,3123.2
2021-05-11 23:00:00,0.011815,0.011825,0.011794,0.011807,2698.97
2021-05-11 23:15:00,0.011807,0.011822,0.011752,0.011779,3768.0
2021-05-11 23:30:00,0.011779,0.011813,0.011772,0.011795,2468.4
2021-05-11 23:45:00,0.011798,0.011837,0.011794,0.011822,3851.44
2021-05-12 00:00:00,0.011817,0.011833,0.011815,0.011825,192.92
2021-05-12 00:15:00,0.011822,0.011848,0.011639,0.011705,9750.67
2021-05-12 00:30:00,0.011704,0.011724,0.011684,0.011717,5130.7
2021-05-12 00:45:00,0.011715,0.011765,0.011715,0.011732,4503.51
2021-05-12 01:00:00,0.01173,0.011775,0.011724,0.011762,3170.46
2021-05-12 01:15:00,0.011762,0.011777,0.011734,0.011743,3878.21
2021-05-12 01:30:00,0.011743,0.011746,0.01166,0.011669,6516.22
2021-05-12 01:45:00,0.011669,0.011737,0.011669,0.011722,3761.65
2021-05-12 02:00:00,0.011724,0.011726,0.011696,0.011706,3307.59
2021-05-12 02:15:00,0.011704,0.011745,0.011698,0.011739,3405.75
2021-05-12 02:30:00,0.011738,0.01175,0.011699,0.011714,4931.76
2021-05-12 02:45:00,0.011714,0.011727,0.011686,0.011726,4325.23
2021-05-12 03:00:00,0.011724,0.011773,0.011696,0.011769,4033.78
2021-05-12 03:15:00,0.011771,0.011837,0.011766,0.011836,6332.46
2021-05-12 03:30:00,0.011836,0.011882,0.011821,0.011853,7809.22
2021-05-12 03:45:00,0.011851,0.011886,0.01182,0.011854,5683.25
2021-05-12 04:00:00,0.011851,0.01186,0.011749,0.011753,6051.37
2021-05-12 04:15:00,0.011753,0.011828,0.011747,0.011827,3259.07
2021-05-12 04:30:00,0.011826,0.011845,0.011725,0.011806,5584.76
2021-05-12 04:45:00,0.011806,0.01182,0.011725,0.011733,3524.1
2021-05-12 05:00:00,0.011735,0.011761,0.011715,0.011745,2980.98
2021-05-12 05:15:00,0.011746,0.011795,0.011719,0.01179,4014.35
2021-05-12 05:30:00,0.011789,0.011827,0.011771,0.011805,3567.18
2021-05-12 05:45:00,0.011805,0.011816,0.011772,0.011792,2347.7
2021-05-12 06:00:00,0.011792,0.011794,0.011773,0.01178,406.88
2021-05-12 06:15:00,0.011791,0.011843,0.011785,0.011815,4053.88
2021-05-12 06:30:00,0.011817,0.011888,0.011788,0.01187,6011.71
2021-05-12 06:45:00,0.011869,0.011874,0.011816,0.011845,4440.39
2021-05-12 07:00:00,0.011844,0.011892,0.011826,0.011851,3841.96
2021-05-12 07:15:00,0.011848,0.0119,0.011829,0.011883,3676.62
2021-05-12 07:30:00,0.011882,0.011883,0.011759,0.01176,6253.12
2021-05-12 07:45:00,0.01176,0.011861,0.011749,0.011828,7043.96
2021-05-12 08:00:00,0.011828,0.01183,0.011748,0.011764,5627.94
2021-05-12 08:15:00,0.011761,0.011784,0.011745,0.011762,3895.91
2021-05-12 08:30:00,0.011762,0.011781,0.011742,0.01178,4120.85
2021-05-12 08:45:00,0.01178,0.011833,0.011758,0.011808,4622.13
2021-05-12 09:00:00,0.01181,0.011826,0.011779,0.011799,4531.35
2021-05-12 09:15:00,0.011799,0.01181,0.011777,0.011805,5674.56
2021-05-12 09:30:00,0.011805,0.01186,0.011791,0.011856,6265.11
2021-05-12 09:45:00,0.011856,0.011866,0.011817,0.011821,2663.45
2021-05-12 10:00:00,0.011821,0.011856,0.011796,0.011805,2883.99
2021-05-12 10:15:00,0.011804,0.011822,0.01178,0.011806,5302.62
2021-05-12 10:30:00,0.011805,0.011822,0.011794,0.011806,3936.45
2021-05-12 10:45:00,0.011806,0.011809,0.011717,0.011738,5394.12
2021-05-12 11:00:00,0.011738,0.011765,0.011729,0.011752,3270.8
2021-05-12 11:15:00,0.011753,0.011762,0.011739,0.011747,3729.6
2021-05-12 11:30:00,0.011746,0.011782,0.011745,0.011779,1876.25
2021-05-12 11:45:00,0.011779,0.011786,0.011728,0.011743,3828.72
2021-05-12 12:00:00,0.011744,0.011782,0.011727,0.011749,4526.27
2021-05-12 12:15:00,0.01175,0.011779,0.0117,0.011718,5093.79
2021-05-12 12:30:00,0.011718,0.01176,0.011708,0.01172,3528.31
2021-05-12 12:45:00,0.01172,0.011761,0.011685,0.011722,4553.78
2021-05-12 13:00:00,0.011722,0.011749,0.011717,0.011745,2163.23
2021-05-12 13:15:00,0.011745,0.011755,0.011734,0.011737,2589.21
2021-05-12 13:30:00,0.011743,0.011772,0.011733,0.011755,2462.81
2021-05-12 13:45:00,0.011755,0.011781,0.011713,0.011767,2537.69
2021-05-12 14:00:00,0.011767,0.011819,0.011752,0.01179,8054.82
2021-05-12 14:15:00,0.01179,0.011802,0.01177,0.011778,1968.26
2021-05-12 14:30:00,0.011778,0.011804,0.01176,0.011775,3316.32
2021-05-12 14:45:00,0.011774,0.011794,0.011755,0.011766,3430.76
2021-05-12 15:00:00,0.011766,0.011807,0.01175,0.011786,7706.18
2021-05-12 15:15:00,0.011786,0.011816,0.011772,0.011782,3686.22
2021-05-12 15:30:00,0.011782,0.0118,0.011768,0.01178,2335.02
2021-05-12 15:45:00,0.01178,0.011793,0.011754,0.011772,1876.59
2021-05-12 16:00:00,0.011772,0.011784,0.011753,0.011765,3426.61
2021-05-12 16:15:00,0.011765,0.011805,0.01175,0.01178,4100.71
2021-05-12 16:30:00,0.011779,0.011842,0.011779,0.011826,5719.64
2021-05-12 16:45:00,0.011827,0.011836,0.011805,0.01182,7262.49
2021-05-12 17:00:00,0.011819,0.011836,0.011807,0.011831,3334.49
2021-05-12 17:15:00,0.01183,0.011843,0.011739,0.011767,7948.56
2021-05-12 17:30:00,0.011768,0.011798,0.011758,0.011797,4280.62
2021-05-12 17:45:00,0.011797,0.011799,0.011711,0.011759,6104.24
2021-05-12 18:00:00,0.011758,0.011783,0.011735,0.01175,2906.1
2021-05-12 18:15:00,0.01175,0.011755,0.011742,0.011752,649.63
2021-05-12 18:30:00,0.011752,0.0118,0.011748,0.011766,4288.87
2021-05-12 18:45:00,0.011768,0.0118,0.011761,0.011795,5411.37
2021-05-12 19:00:00,0.011794,0.011811,0.01177,0.011788,5754.13
2021-05-12 19:15:00,0.011788,0.011826,0.011781,0.011801,4582.75
2021-05-12 19:30:00,0.0118,0.011815,0.011721,0.011779,7873.75
2021-05-12 19:45:00,0.011779,0.011794,0.011709,0.011713,6328.52
2021-05-12 20:00:00,0.011712,0.011734,0.011676,0.01169,9189.31
2021-05-12 20:15:00,0.01169,0.011718,0.011653,0.011694,10669.83
2021-05-12 20:30:00,0.011693,0.01171,0.011594,0.011642,8881.26
2021-05-12 20:45:00,0.011639,0.011744,0.011624,0.011742,5807.73
2021-05-12 21:00:00,0.011738,0.011777,0.01172,0.011774,2997.72
2021-05-12 21:15:00,0.011759,0.011763,0.011672,0.011714,3571.91
2021-05-12 21:30:00,0.011715,0.011752,0.01169,0.011749,2274.78
2021-05-12 21:45:00,0.011749,0.011753,0.011721,0.011724,773.3
2021-05-12 22:00:00,0.011745,0.011745,0.011679,0.011693,3103.84
2021-05-12 22:15:00,0.011694,0.011759,0.01166,0.011757,5412.27
2021-05-12 22:30:00,0.011757,0.011758,0.01167,0.011688,7159.77
2021-05-12 22:45:00,0.011686,0.011738,0.011676,0.011732,3614.6
2021-05-12 23:00:00,0.011732,0.011742,0.01165,0.011685,4583.68
2021-05-12 23:15:00,0.011685,0.01176,0.01165,0.011758,4668.96
2021-05-12 23:30:00,0.011759,0.011787,0.011736,0.011777,3892.25
2021-05-12 23:45:00,0.011777,0.011805,0.011757,0.011795,3728.55
2021-05-13 00:00:00,0.011795,0.011865,0.011786,0.011863,4666.61
2021-05-13 00:15:00,0.011863,0.011863,0.011804,0.011817,3792.01
2021-05-13 00:30:00,0.011821,0.011845,0.011803,0.011818,3086.04
2021-05-13 00:45:00,0.01182,0.011876,0.011809,0.01187,2257.63
2021-05-13 01:00:00,0.01187,0.011887,0.011851,0.011887,2517.7
2021-05-13 01:15:00,0.011884,0.011896,0.011858,0.011872,3193.36
2021-05-13 01:30:00,0.011872,0.011945,0.011872,0.011918,4417.09
2021-05-13 01:45:00,0.01192,0.011942,0.011883,0.011894,2683.33
2021-05-13 02:00:00,0.011897,0.011983,0.011874,0.01197,12473.05
2021-05-13 02:15:00,0.01197,0.0119961,0.011917,0.011977,10939.55
2021-05-13 02:30:00,0.01198,0.012036,0.011941,0.011987,11891.15
2021-05-13 02:45:00,0.011985,0.012057,0.011981,0.012051,6436.76
2021-05-13 03:00:00,0.012054,0.012074,0.011972,0.011997,8517.51
2021-05-13 03:15:00,0.011997,0.012026,0.01193,0.011996,9620.74
2021-05-13 03:30:00,0.011986,0.011999,0.011877,0.011943,10332.16
2021-05-13 03:45:00,0.011936,0.012046,0.01187,0.01197,10492.18
2021-05-13 04:00:00,0.011991,0.012195,0.01184,0.011886,35679.27
2021-05-13 04:15:00,0.011885,0.012083,0.011881,0.012012,17288.17
2021-05-13 04:30:00,0.012009,0.012195,0.011978,0.012086,24695.53
2021-05-13 04:45:00,0.012086,0.012141,0.01204,0.012111,7456.97
2021-05-13 05:00:00,0.012113,0.012257,0.01204,0.012249,15988.3
2021-05-13 05:15:00,0.012257,0.012352,0.012227,0.012301,15389.8
2021-05-13 05:30:00,0.012311,0.012329,0.012211,0.012238,7536.19
2021-05-13 05:45:00,0.012235,0.01228,0.012164,0.012225,11702.12
2021-05-13 06:00:00,0.012225,0.012244,0.012175,0.012206,7698.26
2021-05-13 06:15:00,0.012206,0.012233,0.012162,0.012196,10641.28
2021-05-13 06:30:00,0.012197,0.012222,0.01218,0.012195,7585.8
2021-05-13 06:45:00,0.012194,0.012217,0.012178,0.012187,3734.79
2021-05-13 07:00:00,0.012162,0.012167,0.0121,0.012131,3606.0
